StartDate,EndDate,Progress,Duration (in seconds),ResponseId,consent,english_check,age,gender_raw,gender,party_affil,ideology,use_twitter,interact_senator,engage_1,engage_2,engage_3,engage_4,engage_5,engage_6,engage_7,engage_8,engage_9,engage_10,engage_11,engage_12,engage_13,engage_14,engage_15,engage_16,engage_17,engage_18,engage_19,engage_20,engage_21,engage_22,engage_23,engage_24,engage_25,dismiss_26,dismiss_27,dismiss_28,dismiss_29,dismiss_30,dismiss_31,dismiss_32,dismiss_33,dismiss_34,dismiss_35,dismiss_36,dismiss_37,dismiss_38,dismiss_39,dismiss_40,dismiss_41,dismiss_42,dismiss_43,dismiss_44,dismiss_45,dismiss_46,dismiss_47,dismiss_48,dismiss_49,dismiss_50,dismiss_51,dismiss_52,dismiss_53,dismiss_54,dismiss_55,dismiss_56,dismiss_57,dismiss_58,dismiss_59,dismiss_60,dismiss_61,dismiss_62,dismiss_63,dismiss_64,dismiss_65,dismiss_66,dismiss_67,dismiss_68,dismiss_69,dismiss_70,dismiss_71,dismiss_72,dismiss_73,dismiss_74,dismiss_75,dismiss_76,dismiss_77,dismiss_78,engage_79,engage_80,engage_81,engage_82,engage_83,engage_84,engage_85,engage_86,engage_87,engage_88,engage_89,engage_90,engage_91,engage_92,engage_93,engage_94,engage_95,engage_96,engage_97,engage_98,engage_99,engage_100,engage_101,engage_102,engage_103,engage_104,engage_105,engage_106,dismiss_107,dismiss_108,dismiss_109,dismiss_110,dismiss_111,dismiss_112,dismiss_113,dismiss_114,dismiss_115,dismiss_116,dismiss_117,dismiss_118,dismiss_119,dismiss_120,dismiss_121,dismiss_122,dismiss_123,dismiss_124,dismiss_125,dismiss_126,dismiss_127,dismiss_128,dismiss_129,dismiss_130,dismiss_131,dismiss_132,dismiss_133,dismiss_134,dismiss_135,dismiss_136,dismiss_137,dismiss_138,dismiss_139,dismiss_140,dismiss_141,dismiss_142,dismiss_143,dismiss_144,dismiss_145,dismiss_146,dismiss_147,dismiss_148,dismiss_149,dismiss_150,dismiss_151,dismiss_152,dismiss_153,dismiss_154,dismiss_155,dismiss_156,dismiss_157,dismiss_158,dismiss_159,dismiss_160,dismiss_161,dismiss_162,dismiss_163,dismiss_164,dismiss_165,dismiss_166,dismiss_167,dismiss_168,dismiss_169,dismiss_170,dismiss_171,dismisses,engages,dif,quality_check,comments
3/18/22 11:30,3/18/22 11:36,100,361,R_2QxlbvN9Xaqo9HA,1,2,25,female,f,2,2,2,1,,,,,,,,,,,,,,,,,,,,,,,,,,,,,,,,,,,,,,,,,,,,,,,,,,,,,,,,,,,,,,,,,,,,,,,,,,,,,,,,,,,,56,,,74,,,,,,71,,,,,,72,,66,,,,,,,,,,,,74,,,,,,,,,,81,,,,,,,,,,,,,,,,,,,81,,,,,,,,78,,,,,,,,,,,,,,,,,,79,,,,78.6,67.8,-10.8,1,
3/18/22 11:39,3/18/22 11:42,100,179,R_22yRZWXfhffEqZT,1,2,33,male,m,3,4,2,1,,,,,,,,,,,,,,,,,,,,,,,,,,,,,,,,,,,,,,,,,,,,,,,,,,,,,,,,,,,,,,,,,,,,,,,,,,,,,,,,,,77,,,,3,,,,,,72,,,,,93,,,,,,,,,91,,,,,,,,,,,,,87,,,,,,,,,99,,,,,,,,,,,,,,,,100,,,,,,,,,100,,,,,,,,,,,,100,,,,,,,97.2,67.2,-30,1,
3/18/22 11:50,3/18/22 11:54,100,271,R_wXYQw5ZzyInEn5L,1,2,20,Female,f,1,1,1,3,,,,,,,,,,,,,,,,,,,,,,,,,,,,,,,,,,,,,,,,,,,,,,,,,,,,,,,,,,,,,,,,,,,,,,,,,,,,,,,,50,,,,,,,,60,,100,,,,,,,,,60,,,,,60,,,,,,,,,,,,60,,,,,61,,,,,,,,,,,,70,,,,,,,,,,,,,,,,,,60,,,,,,,,,,,,,,,,,,,60,,62.2,66,3.8,1,
3/18/22 12:00,3/18/22 12:06,100,341,R_3J3h5yTUzZ9y4BK,1,2,46,non-binary,non-binary ,1,1,1,2,,,,,,,,,,,,,,,,,,,,,,,,,,,,,,,,,,,,,,,,,,,,,,,,,,,,,,,,,,,,,,,,,,,,,,,,,,,,,,,86,,,,,,,,,,86,,,,,83,,,,78,,,,,76,,,,,,,,99,,,,,,,,,,,,,,,,81,,,,,,,,,90,,,,,,,,,,,,,,,,86,,,,,,,,,,,,,,,,,91,,,89.4,81.8,-7.6,1,No comments at this time.
3/18/22 12:10,3/18/22 12:16,100,321,R_3CVJFxmfUn2hA2R,1,2,20,Female,f,1,1,1,2,,,,,,,,,,,,,,,,,,,,,,,,,,,,,,,,,,,,,,,,,,,,,,,,,,,,,,,,,,,,,,,,,,,,,,,,,,,,,,,,,86,,,,,,69,,,,,82,,,,72,,,,,,,,,56,,,,,,,,,,,,,55,,,,,,,,70,,,,,,,,,,,75,,,,,,,,,,,89,,,,,,,,,,,,,,,,92,,,,,,,,76.2,73,-3.2,1,
3/18/22 12:20,3/18/22 12:25,100,314,R_1JLXqEEuxJ1Avd5,1,2,28,female,f,1,1,1,2,,,,,,,,,,,,,,,,,,,,,,,,,,,,,,,,,,,,,,,,,,,,,,,,,,,,,,,,,,,,,,,,,,,,,,,,,,,,,,,,,,,89,,71,,,,,,,,,70,,,,,,83,,65,,,,,,,,,,,,,77,,,,,,,,,,51,,,,,,,,,,,,,,64,,,,,,,,,,81,,,,,,,,,,,,,,80,,,,,,,,,70.6,75.6,5,1,
3/18/22 12:25,3/18/22 12:30,100,338,R_2dJV7O3YBXLppXT,1,2,37,trans man,trans man,1,1,2,1,,,,,,,,,,,,,,,,,,,,,,,,,,,,,,,,,,,,,,,,,,,,,,,,,,,,,,,,,,,,,,,,,,,,,,,,,,,,,,,,,,,,33,,,90,,,,43,,,,,,83,,,,,61,,,,,,,,,,,,77,,,,,,,,,,80,,,,,,,,,,,,,,,,88,,,,,,,96,,,,,,,,,,,,,,,,,,,,,,,,49,78,62,-16,1,
3/18/22 12:31,3/18/22 12:31,100,31,R_2SHLHuKbrjbRe72,1,1,,,,,,,,,,,,,,,,,,,,,,,,,,,,,,,,,,,,,,,,,,,,,,,,,,,,,,,,,,,,,,,,,,,,,,,,,,,,,,,,,,,,,,,,,,,,,,,,,,,,,,,,,,,,,,,,,,,,,,,,,,,,,,,,,,,,,,,,,,,,,,,,,,,,,,,,,,,,,,,,,,,,,,,,,,,,,,,,,,,,,,,
3/18/22 12:33,3/18/22 12:33,100,24,R_129kaCi8haZFOGu,1,1,,,,,,,,,,,,,,,,,,,,,,,,,,,,,,,,,,,,,,,,,,,,,,,,,,,,,,,,,,,,,,,,,,,,,,,,,,,,,,,,,,,,,,,,,,,,,,,,,,,,,,,,,,,,,,,,,,,,,,,,,,,,,,,,,,,,,,,,,,,,,,,,,,,,,,,,,,,,,,,,,,,,,,,,,,,,,,,,,,,,,,,
3/18/22 12:35,3/18/22 12:39,100,285,R_1d4sguTBWEcoc9z,1,2,25,female,f,2,2,1,2,,,,,,,,,,,,,,,,,,,,,,,,,,,,,,,,,,,,,,,,,,,,,,,,,,,,,,,,,,,,,,,,,,,,,,,,,,,,,,,,,28,,,,,44,,,,94,,,,,,,,,,23,,,,53,,,,,,48,,,,,,,,,,,,,,,,,,,46,,,,,,53,,,,,,,,,,,,,,,,,,,,,,,46,,56,,,,,,,,,,,,49.8,48.4,-1.4,1,
3/18/22 12:39,3/18/22 12:44,100,328,R_Xom4dvQwN6Q0z4J,1,2,20,female ,f,2,3,1,1,,,,,,,,,,,,,,,,,,,,,,,,,,,,,,,,,,,,,,,,,,,,,,,,,,,,,,,,,,,,,,,,,,,,,,,,,,,,,,,,,,50,,,,,,79,,,,50,,,,81,,,,,,,,,,50,,,70,,,,,,,,,,,50,,,,,,,,,,,,,,,,,,61,,,,,,,,,,,,,,,,62,,,,,,,70,,,,,,,,,,,62.6,62,-0.6,1,
3/18/22 12:41,3/18/22 12:46,100,300,R_1g28bpiBzheewBV,1,2,34,male,m,1,1,1,3,,,,,,,,,,,,,,,,,,,,,,,,,,,,,,,,,,,,,,,,,,,,,,,,,,,,,,,,,,,,,,,,,,,,,,,,,,,,,,,,10,,,,,,,,,30,,,,,,80,,,,35,,,,25,,,,,,,,,,,,,,70,,,,,,,,,,,,,,90,,,60,,,,,,,,,,,,,,,,,,,,,65,,,,,,,,,,,95,,,,,,76,36,-40,1,
3/18/22 12:42,3/18/22 12:48,100,395,R_1q7GKo0iMUu0lc2,1,2,26,female,f,2,3,2,1,,,,,,,,,,,,,,,,,,,,,,,,,,,,,,,,,,,,,,,,,,,,,,,,,,,,,,,,,,,,,,,,,,,,,,,,,,,,,,,,,,,84,,59,,,,,,,100,,,,,,35,,,,,,,42,,,,,,,100,,,,,,,,,,50,,,,,,,,,,,,,,,,,,,,,,,70,29,,,,,,,,,,,,,68,,,,,,,,,,,,,63.4,64,0.6,1,
3/18/22 12:43,3/18/22 12:49,100,346,R_1gchWFjzXMY8ewR,1,2,35,Female,f,4,5,1,1,,,70,,,,80,,,,60,,,,,50,,,,,,65,,,,40,,,,,,,,,,,55,,,,,,,,,,,,,,,,,,,60,,,,,,,40,,,,,,,,,,,,40,,,,,,,,,,,,,,,,,,,,,,,,,,,,,,,,,,,,,,,,,,,,,,,,,,,,,,,,,,,,,,,,,,,,,,,,,,,,,,,,,,,,,,,,,,,,,,,,,47,65,18,1,
3/18/22 12:50,3/18/22 12:51,100,29,R_1GPNBi5SPiwvQF2,1,1,,,,,,,,,,,,,,,,,,,,,,,,,,,,,,,,,,,,,,,,,,,,,,,,,,,,,,,,,,,,,,,,,,,,,,,,,,,,,,,,,,,,,,,,,,,,,,,,,,,,,,,,,,,,,,,,,,,,,,,,,,,,,,,,,,,,,,,,,,,,,,,,,,,,,,,,,,,,,,,,,,,,,,,,,,,,,,,,,,,,,,,
3/18/22 12:57,3/18/22 12:57,100,26,R_3V0FpY1QVd6N5st,1,1,,,,,,,,,,,,,,,,,,,,,,,,,,,,,,,,,,,,,,,,,,,,,,,,,,,,,,,,,,,,,,,,,,,,,,,,,,,,,,,,,,,,,,,,,,,,,,,,,,,,,,,,,,,,,,,,,,,,,,,,,,,,,,,,,,,,,,,,,,,,,,,,,,,,,,,,,,,,,,,,,,,,,,,,,,,,,,,,,,,,,,,
3/18/22 12:51,3/18/22 13:00,100,511,R_2qwkRpLwNU67Aic,1,2,42,female,f,1,1,1,2,,,,,,,,,,,,,,,,,,,,,,,,,,,,,,,,,,,,,,,,,,,,,,,,,,,,,,,,,,,,,,,,,,,,,,,,,,,,,,,,,,,0,,80,,,,,,,,,,60,,,,40,,,,,,,50,,,,,,,,70,,,,,,,,,,,,,,,,,,80,,,,,,,,,90,,,,,,,,,,,,,80,,,,,,,,,,90,,,,,,,,82,46,-36,1,
3/18/22 13:00,3/18/22 13:04,100,260,R_2woAmhdjpzSYCsN,1,2,34,agender,agender,1,1,2,1,,,,,,,,,,,,,,,,,,,,,,,,,,,,,,,,,,,,,,,,,,,,,,,,,,,,,,,,,,,,,,,,,,,,,,,,,,,,,,,,,,,,20,,1,,,,52,,,,,,,,,,32,,,,,17,,,,,,,78,,,,,,,,,,,,27,,,,,,,,,39,,,,,,,,,,,,,,,,,,21,,,,,,,,,,,,,,83,,,,,,,49.6,24.4,-25.2,1,
3/18/22 12:58,3/18/22 13:07,100,525,R_2wyvj0GMrmPO2vd,1,2,20,male,m,2,2,2,1,,,,,,,,,,,,,,,,,,,,,,,,,,,,,,,,,,,,,,,,,,,,,,,,,,,,,,,,,,,,,,,,,,,,,,,,,,,,,,,,,90,,,,,,70,,,,,,,,80,85,,,,,,60,,,,,,,,,,,,,,,,,80,,,,,,,65,,,,,,,,,,,,,,,,80,,,,,,,,,,,60,,,,,,,75,,,,,,,,,,,,72,77,5,1,
3/18/22 13:04,3/18/22 13:08,100,259,R_2fuq3yK2PmS4Yhz,1,2,31,Male,m,1,1,1,1,,,,,,,,,,,,,,,,,,,,,,,,,,,,,,,,,,,,,,,,,,,,,,,,,,,,,,,,,,,,,,,,,,,,,,,,,,,,,,,,100,,,,,75,,,,,,,,,,0,100,,,,,,,100,,,,,100,,,,,,,,,,,,,,100,,,,,,,,,,,,,,,70,,,,,,,,,,,81,,,,,,,,,,,,,,,,,,,,,100,,,90.2,75,-15.2,1,
3/18/22 13:04,3/18/22 13:08,100,257,R_XplI7maOjBLndwB,1,2,24,Male,m,1,1,1,1,,,,,,,,,,,,,,,,,,,,,,,,,,,,,,,,,,,,,,,,,,,,,,,,,,,,,,,,,,,,,,,,,,,,,,,,,,,,,,,,91,,,,,,,,,85,90,,,,,,,83,,,,,,,,,97,100,,,,,,,,,,,,,,,,,,,,100,,,,,,,,,,,,,,,,,,96,,,,,,,,,,,100,,,,,,,,,,100,,,,,,99.2,89.2,-10,1,
3/18/22 13:00,3/18/22 13:08,100,479,R_z2tNXECeFBFgV3z,1,2,54,female,f,4,5,1,2,,,,,78,,,,53,,,54,,,,,50,,,,,,,,64,,,,,,,,25,,,,,,,,13,,,,,,,,,,16,,,,,,,,,,,,,20,,,,,,,,,,,,16,,,,,,,,,,,,,,,,,,,,,,,,,,,,,,,,,,,,,,,,,,,,,,,,,,,,,,,,,,,,,,,,,,,,,,,,,,,,,,,,,,,,,,,,,,,,,,,,18,59.8,41.8,1,
3/18/22 12:53,3/18/22 13:08,100,896,R_2Ui7umQtBb4aELD,1,2,39,female,f,1,1,1,2,,,,,,,,,,,,,,,,,,,,,,,,,,,,,,,,,,,,,,,,,,,,,,,,,,,,,,,,,,,,,,,,,,,,,,,,,,,,,,,50,,,,,,,,,85,,,,90,,,,,85,,,,60,,,,,,,,100,,,,,,,,,,,85,,,,,,,,,,,,,,,,100,,,,,,,,,,,,,,,,,,,,,100,,90,,,,,,,,,,,,,95,74,-21,1,
3/18/22 13:04,3/18/22 13:08,100,263,R_1DnZoWDa3mdYPxG,1,2,30,female,f,2,2,1,1,,,,,,,,,,,,,,,,,,,,,,,,,,,,,,,,,,,,,,,,,,,,,,,,,,,,,,,,,,,,,,,,,,,,,,,,,,,,,,,,,,60,,,,,,60,,,,60,,,,,,,,60,61,,,,,,,,,60,,,,,,,,,,,,,,,60,,,,,,,,,,60,,,,,,,,,,,,,,,,,,,,,,,50,,,50,,,,,,,,,,,56,60.2,4.2,1,
3/18/22 13:10,3/18/22 13:10,100,20,R_2B3AbmQuxfHS6Kv,1,1,,,,,,,,,,,,,,,,,,,,,,,,,,,,,,,,,,,,,,,,,,,,,,,,,,,,,,,,,,,,,,,,,,,,,,,,,,,,,,,,,,,,,,,,,,,,,,,,,,,,,,,,,,,,,,,,,,,,,,,,,,,,,,,,,,,,,,,,,,,,,,,,,,,,,,,,,,,,,,,,,,,,,,,,,,,,,,,,,,,,,,,
3/18/22 12:56,3/18/22 13:10,100,811,R_3NVf5NJRubkRCtv,1,2,31,Female,f,2,3,1,3,,,,,,,,,,,,,,,,,,,,,,,,,,,,,,,,,,,,,,,,,,,,,,,,,,,,,,,,,,,,,,,,,,,,,,,,,,,,,,,,,,57,,,,,,,53,,,4,,,,,,20,,,,,,54,,,,,,,,,,,51,,,,,,,,,,,,,72,,,,,,,,,,,79,,,,,,,,,,66,,,,,,,,,,,,,,,,,,,,,,36,60.8,37.6,-23.2,1,Loved it!
3/18/22 13:05,3/18/22 13:10,100,295,R_1r3blSlmuxCY7lc,1,2,28,female,f,3,3,1,1,,,,,,,,,,,,,,,,,,,,,,,,,,,,,,,,,,,,,,,,,,,,,,,,,,,,,,,,,,,,,,,,,,,,,,,,,,,,,,,,,69,,,,,83,,,,89,,,,,,82,,,,,,,,69,,,,,,,64,,,,,,,,,,,,,,,,,,78,,,,,,,,,,,,,,82,,,,,,,,,,,,70,,,,,,,,,,,,,78,,,,74.4,78.4,4,1,
3/18/22 13:04,3/18/22 13:10,100,362,R_30iqJFTDpmtoswN,1,2,52,female,f,1,1,1,1,,,,,,,,,,,,,,,,,,,,,,,,,,,,,,,,,,,,,,,,,,,,,,,,,,,,,,,,,,,,,,,,,,,,,,,,,,,,,,,,,,,80,,100,,,,,,,,60,,,,,81,,,60,,,,,,,,,,,,,,,,87,,,,,,90,,,,,,,,,,,,,,,90,,,,,,,,,,,,87,,,,,,,,,,,,,,,,,,,,89,,88.6,76.2,-12.4,1,
3/18/22 13:01,3/18/22 13:11,100,611,R_2qvEKHStepnRJV5,1,2,29,Female,f,4,4,1,3,,,,82,,,,,63,,,82,,,,90,,,,,,,40,,,,,,,,82,,,,,,,,,72,,,,,,,,,,,,,,,,,60,,,,,,,,,,50,,,,,,,,,90,,,,,,,,,,,,,,,,,,,,,,,,,,,,,,,,,,,,,,,,,,,,,,,,,,,,,,,,,,,,,,,,,,,,,,,,,,,,,,,,,,,,,,,,,,,,,,,,70.8,71.4,0.6,1,I had no issues while taking the study technical or otherwise. 
3/18/22 12:56,3/18/22 13:11,100,883,R_SBmLgOtfzjGEcoN,1,2,30,Female,f,4,4,1,2,,,,77,,82,,,,,,,,66,,,,,79,,,,,88,,,,,,,,,,,57,,,,66,,,,,,,,,,,,,,,,,,51,51,,,,,,,,,,,,,,,,,,,,25,,,,,,,,,,,,,,,,,,,,,,,,,,,,,,,,,,,,,,,,,,,,,,,,,,,,,,,,,,,,,,,,,,,,,,,,,,,,,,,,,,,,,,,,,,,,,,50,78.4,28.4,1,
3/18/22 13:07,3/18/22 13:11,100,265,R_3dAU1HfHP6Ev5GF,1,2,20,female ,f,3,4,1,2,,,,,,,,,,,,,,,,,,,,,,,,,,,,,,,,,,,,,,,,,,,,,,,,,,,,,,,,,,,,,,,,,,,,,,,,,,,,,,,50,,,,,,77,,,,,,,,,,80,,,,52,,,,,91,,,,,,,,,,51,,,,,,,50,,,,,,,,,,,,,,,,,,,,,,,,86,,,,94,,,,,,,,,,,,,,,,,,9,,,,,58,70,12,1,
3/18/22 13:06,3/18/22 13:11,100,340,R_2R2gVgLn5sdhYYu,1,2,38,Female,f,2,2,1,2,,,,,,,,,,,,,,,,,,,,,,,,,,,,,,,,,,,,,,,,,,,,,,,,,,,,,,,,,,,,,,,,,,,,,,,,,,,,,,,65,,,,,,,,,,70,,,60,,,,,,,,50,,65,,,,,,,,,,,,,,,,80,,,,,,,,,,,,,80,,,60,,,,,,,,,,,,,,,,,,70,,,,,,,,,,,,,,80,,,,,,74,62,-12,1,
3/18/22 13:05,3/18/22 13:11,100,387,R_2EucKbdPPgeQ6yp,1,2,28,female,f,2,2,1,1,,,,,,,,,,,,,,,,,,,,,,,,,,,,,,,,,,,,,,,,,,,,,,,,,,,,,,,,,,,,,,,,,,,,,,,,,,,,,,,,,,,,65,,,60,,,,,,,60,,,80,,,,,,,,80,,,,,,,,,,,75,,,,,,,,75,,,,,,,,,,,,,,,,,,,,90,,75,,,,,,,,,,,,,,,,,90,,,,,,,,,81,69,-12,1,
3/18/22 13:00,3/18/22 13:12,100,740,R_1LAqpeQ4saRV0yu,1,2,40,male,m,3,4,1,1,,,,,,,,,,,,,,,,,,,,,,,,,,,,,,,,,,,,,,,,,,,,,,,,,,,,,,,,,,,,,,,,,,,,,,,,,,,,,,,55,,,,,,,50,,,,50,,,,,,,,,60,,,,55,,,,,,,,,,49,,,,,,,,,,,,,,,,,50,,,,,,,,,,50,,,,,,,50,,,,,,,,,,,,,,,55,,,,,,,,,,50.8,54,3.2,1,
3/18/22 13:06,3/18/22 13:12,100,374,R_2dm5Rjye9K1xkCq,1,2,29,female,f,2,2,1,2,,,,,,,,,,,,,,,,,,,,,,,,,,,,,,,,,,,,,,,,,,,,,,,,,,,,,,,,,,,,,,,,,,,,,,,,,,,,,,,,100,,,,,,,,100,,100,,,,,,,,100,,,100,,,,,,,,,,,,20,,,,,,,,,,,,,,20,,,,,,,,,,,,,,,,,100,,,,,,,,,,,,,100,,,,,,,,,,,,,100,,68,100,32,1,
3/18/22 13:07,3/18/22 13:13,100,407,R_1EjmG259gTUL3RF,1,2,41,female,f,3,4,1,1,,,,,,,,,,,,,,,,,,,,,,,,,,,,,,,,,,,,,,,,,,,,,,,,,,,,,,,,,,,,,,,,,,,,,,,,,,,,,,,,,,,100,,,,49,,,,,,81,,,,,80,,,,,100,,,,,,,,,,,,,81,,,,,,,,,,19,,,,,,,,81,,,,,,,,,,,,,,,,,,,,,9,,,,,68,,,,,,,,,,,,51.6,82,30.4,1,"Though I do view news outlets of various sides I try not to follow politics on any social media platforms. Those are my safe, happy places. "
3/18/22 13:01,3/18/22 13:16,100,883,R_1kXfx7Jul1STvdn,1,2,53,Male,m,4,4,2,1,,80,,,,,,,,100,,,85,,,,,,100,,80,,,,,80,,,,,,,,,,,,,,,,85,,,,,,,,,,,100,,,,,,,,,,,,85,,,,,,,,100,,,,,,,,,,,,,,,,,,,,,,,,,,,,,,,,,,,,,,,,,,,,,,,,,,,,,,,,,,,,,,,,,,,,,,,,,,,,,,,,,,,,,,,,,,,,,,,,,,,90,89,-1,1,
3/18/22 13:15,3/18/22 13:18,100,220,R_3Mzi1UD0VHcnpJ5,1,2,22,nonbinary,non-binary ,1,1,1,1,,,,,,,,,,,,,,,,,,,,,,,,,,,,,,,,,,,,,,,,,,,,,,,,,,,,,,,,,,,,,,,,,,,,,,,,,,,,,,,,,,71,,,,,,71,,,,,50,,,,,,50,,50,,,,,,,,,,,50,,,,,,,,,50,,,,,,,,,,,,,,,,,,50,,,,,,,,,,,,50,,,,,,,,50,,,,,,,,,,,,,50,58.4,8.4,1,
3/18/22 13:17,3/18/22 13:19,100,125,R_3MbayqyxnArr8he,1,2,24,F,f,1,2,1,2,,,,,,,,,,,,,,,,,,,,,,,,,,,,,,,,,,,,,,,,,,,,,,,,,,,,,,,,,,,,,,,,,,,,,,,,,,,,,,,,,50,,,,,,67,,,,32,,,,,,47,,,,,24,,,,,30,,,,,,,,,,,,,,,,,,,,,58,,,,,,,,,,,,,,66,,,,,,63,,,,,,,,,,,,,,,,,,,,,,,59,55.2,44,-11.2,1,
3/18/22 13:17,3/18/22 13:19,100,75,R_25ELv1PKTjK941P,1,1,,,,,,,,,,,,,,,,,,,,,,,,,,,,,,,,,,,,,,,,,,,,,,,,,,,,,,,,,,,,,,,,,,,,,,,,,,,,,,,,,,,,,,,,,,,,,,,,,,,,,,,,,,,,,,,,,,,,,,,,,,,,,,,,,,,,,,,,,,,,,,,,,,,,,,,,,,,,,,,,,,,,,,,,,,,,,,,,,,,,,,,
3/18/22 13:16,3/18/22 13:21,100,343,R_2EFYY2uSqUWzzU2,1,2,26,Female,f,3,4,2,1,,,,,,,,,,,,,,,,,,,,,,,,,,,,,,,,,,,,,,,,,,,,,,,,,,,,,,,,,,,,,,,,,,,,,,,,,,,,,,,,,,,,19,,41,,,,60,,,,,,,,,59,,,,,,,70,,,60,,,,,,,,,,,,,,81,,,,,,,,,,,,,,,,,,60,,,,,,,,,24,,,,,,,,,,,,,,34,,,,,,,,51.8,49.8,-2,1,
3/18/22 13:13,3/18/22 13:21,100,497,R_C15YAgTWuLbvxeN,1,2,41,male,m,1,1,1,2,,,,,,,,,,,,,,,,,,,,,,,,,,,,,,,,,,,,,,,,,,,,,,,,,,,,,,,,,,,,,,,,,,,,,,,,,,,,,,,,,,,,70,,,,,75,,,,,,90,,,,,60,,,,91,,,,,,60,,,,,,,,,,81,,,,,,,,,,,,,,,,,,100,,,,,,,,,,,,,,,,100,,,,,,,,,,,,,100,,,,,88.2,77.2,-11,1,
3/18/22 13:06,3/18/22 13:22,100,1001,R_3IPI9ndQ6HzZIEJ,1,2,66,female,f,1,3,2,1,,,,,,,,,,,,,,,,,,,,,,,,,,,,,,,,,,,,,,,,,,,,,,,,,,,,,,,,,,,,,,,,,,,,,,,,,,,,,,,,,,92,,,,82,,,,91,,,,,,90,,,,,,,,,81,,,,,,91,,,,,,,,,,,,,,,,,,,81,,,,,,,40,,,,,,,,,,,,,,,91,,,,,,,,,91,,,,,,,,,,,78.8,87.2,8.4,1,
3/18/22 13:18,3/18/22 13:23,100,304,R_1FRkqJ8WlEnSp8c,1,2,18,female,f,1,1,1,1,,,,,,,,,,,,,,,,,,,,,,,,,,,,,,,,,,,,,,,,,,,,,,,,,,,,,,,,,,,,,,,,,,,,,,,,,,,,,,,,28,,,,,48,,,,,,,,,40,,,,,,35,,,,,,40,,,,,,,,,,,,,54,,,,,,,,,,54,,,,,,,,,,,,,,50,,,,,,,,,,,,,,,50,,,,,,,67,,,,,,,55,38.2,-16.8,1,"I don't appreciate the narrow political scope of the choices. I think outside the American center-right Overton window, and I only chose ""liberal"" and ""Democrat"" because I had to. I am a socialist, and I hold no positive affinity for either mainstream US political parties because they are racist, capitalist, and imperialist."
3/18/22 13:07,3/18/22 13:24,100,998,R_2xzvYJxCQ2eCznt,1,2,57,female,f,5,7,1,1,,,51,,,,50,,,,55,,,,,,51,,,,,65,,,,,,,,,76,,,,,,,,,,,,80,,,,100,,,,,,,,,,,,,,,,,,,100,,,,,,,,,,,100,,,,,,,,,,,,,,,,,,,,,,,,,,,,,,,,,,,,,,,,,,,,,,,,,,,,,,,,,,,,,,,,,,,,,,,,,,,,,,,,,,,,,,,,,,,,,,,91.2,54.4,-36.8,1,
3/18/22 13:20,3/18/22 13:25,100,274,R_2CJtF9A1hghlEDe,1,2,35,female,f,2,1,1,2,,,,,,,,,,,,,,,,,,,,,,,,,,,,,,,,,,,,,,,,,,,,,,,,,,,,,,,,,,,,,,,,,,,,,,,,,,,,,,,,,71,,,,,,,71,,89,,,,,,50,,,,,,,72,,,,,23,,,,,,,,,,,,,,,,,,,,,,,79,,77,,,,,,,,,,,,,,,,,,,,,,,55,,,,,,,,,,,,75,,,,61.8,70.6,8.8,1,
3/18/22 13:21,3/18/22 13:26,100,301,R_WwwV7vxrYING7LP,1,2,27,female,f,6,7,2,1,96,,,,,,,99,,,,,,,91,,,100,,,,,,,95,,,,,,,95,,,,,,,,,,,,100,,,,,,,,,,,100,,,,99,,,,,,,,,,92,,,,,,,,,,,,,,,,,,,,,,,,,,,,,,,,,,,,,,,,,,,,,,,,,,,,,,,,,,,,,,,,,,,,,,,,,,,,,,,,,,,,,,,,,,,,,,,,,,,,,,,97.2,96.2,-1,1,
3/18/22 13:25,3/18/22 13:26,100,80,R_3foXbF1TXXKX9lC,1,1,,,,,,,,,,,,,,,,,,,,,,,,,,,,,,,,,,,,,,,,,,,,,,,,,,,,,,,,,,,,,,,,,,,,,,,,,,,,,,,,,,,,,,,,,,,,,,,,,,,,,,,,,,,,,,,,,,,,,,,,,,,,,,,,,,,,,,,,,,,,,,,,,,,,,,,,,,,,,,,,,,,,,,,,,,,,,,,,,,,,,,,
3/18/22 13:25,3/18/22 13:28,100,200,R_3fvehH6FUN4r2j7,1,2,48,Male,m,2,2,1,2,,,,,,,,,,,,,,,,,,,,,,,,,,,,,,,,,,,,,,,,,,,,,,,,,,,,,,,,,,,,,,,,,,,,,,,,,,,,,,,,,,,73,,,,,,74,,,,52,,,,,87,,,,,,,,81,,,,,,,,,,,,75,,,,,,,77,,,,,,,,,,,,,,,,91,,,,,,76,,,,,,,,,,,,,,,,76,,,,,,,,,79,73.4,-5.6,1,
3/18/22 13:25,3/18/22 13:30,100,307,R_245IWspWrHHVusH,1,2,21,male,m,3,1,1,2,,,,,,,,,,,,,,,,,,,,,,,,,,,,,,,,,,,,,,,,,,,,,,,,,,,,,,,,,,,,,,,,,,,,,,,,,,,,,,,40,,,,,,,,,,50,,,,30,,,70,,,,,,,,,70,,,,,,,,,,,,60,,,,,70,,,,,,,,,,,,,,70,,,,,,,,,,,,,,,,,,,,60,,,,,,,,,,,,,70,,,66,52,-14,1,
3/18/22 13:23,3/18/22 13:31,100,463,R_1f7X99ucgTsDdO5,1,2,37,Female,f,2,2,1,1,,,,,,,,,,,,,,,,,,,,,,,,,,,,,,,,,,,,,,,,,,,,,,,,,,,,,,,,,,,,,,,,,,,,,,,,,,,,,,,100,,,,,,,,100,,,,,,100,,,,,100,,,,,,100,,,100,,,,,,,,,,,,,,,,,95,,,,,,,,,,,100,,,,,,,,,,,,,,,,,,,,,,,90,,,,100,,,,,,,,,,97,100,3,1,
3/18/22 13:26,3/18/22 13:31,100,283,R_3EG1vbJT0NDwTQB,1,2,34,female,f,2,2,1,1,,,,,,,,,,,,,,,,,,,,,,,,,,,,,,,,,,,,,,,,,,,,,,,,,,,,,,,,,,,,,,,,,,,,,,,,,,,,,,,,,,,,50,,100,,,,,,79,,,,,,,100,,,,61,,,,,,,,,,,,,100,,,,,,,,,,,,,,,50,,,40,,,,,,,,,,,,,,,,,,,,17,,,,,,,,,,,,100,,,,,,61.4,78,16.6,1,
3/18/22 13:27,3/18/22 13:31,100,266,R_2YzUjQHOXFgwLWO,1,2,18,female,f,2,2,1,1,,,,,,,,,,,,,,,,,,,,,,,,,,,,,,,,,,,,,,,,,,,,,,,,,,,,,,,,,,,,,,,,,,,,,,,,,,,,,,,,,54,,,,37,,,,,56,,,,,,,,,66,,,,,69,,,,55,,,,,,,,,,,,,,,84,,,,,,,,,,,,,,,,,,,39,,,,,,,,,55,,,,,,,,,65,,,,,,,,,,,,59.6,56.4,-3.2,1,
3/18/22 13:28,3/18/22 13:32,100,255,R_3D7ktQE1jRE1LXW,1,2,38,Female,f,1,1,1,2,,,,,,,,,,,,,,,,,,,,,,,,,,,,,,,,,,,,,,,,,,,,,,,,,,,,,,,,,,,,,,,,,,,,,,,,,,,,,,,,99,,,,,,,,91,,,96,,,,,,98,,,,,84,,,,,,,,,,,,,,,,69,,,,,,,,,,,,,,77,,,94,,,,,,,,,,,,,,,,,,,,,,84,,,,,,,,,,,85,,,,81.8,93.6,11.8,1,
3/18/22 13:20,3/18/22 13:32,100,714,R_333CZEX4MS62IiM,1,2,66,female,f,1,1,1,2,,,,,,,,,,,,,,,,,,,,,,,,,,,,,,,,,,,,,,,,,,,,,,,,,,,,,,,,,,,,,,,,,,,,,,,,,,,,,,,,,,,90,,,,91,,,,97,,,,,,100,,,,,66,,,,,,,,,,100,,,,,,,,,,,,,,,,,,,,100,,,,,,,,100,,,,,,,,,,,,,81,,,,,,,,,,,,,,100,,,,,96.2,88.8,-7.4,1,
3/18/22 13:24,3/18/22 13:33,100,491,R_3iro5YDZftSwo7k,1,2,23,female,f,1,1,1,1,,,,,,,,,,,,,,,,,,,,,,,,,,,,,,,,,,,,,,,,,,,,,,,,,,,,,,,,,,,,,,,,,,,,,,,,,,,,,,,,60,,,,,,,,,60,,46,,,,,,80,,,,,,,,60,,,,,,,,,,22,,,,,50,,,,,,,,,,,,,,,,78,,,,,,,,,,,,,,64,,,,,,,,,,,,,100,,,,,,,,,62.8,61.2,-1.6,1,
3/18/22 13:27,3/18/22 13:33,100,368,R_3I4RpdlvB0TLWmG,1,2,35,Female,f,2,2,1,2,,,,,,,,,,,,,,,,,,,,,,,,,,,,,,,,,,,,,,,,,,,,,,,,,,,,,,,,,,,,,,,,,,,,,,,,,,,,,,,,,,,61,,,,97,,,,,,,,100,,,,,50,,80,,,,,,,100,,,,,,,,,,,,,,,,,,,,83,,,,,,,,99,,,,,,,,,,,,,,,,,,72,,,,,,,,,,,,,,,,91,89,77.6,-11.4,1,
3/18/22 13:30,3/18/22 13:33,100,192,R_3lRLMGB68Y5gleL,1,2,75,male,m,1,1,2,1,,,,,,,,,,,,,,,,,,,,,,,,,,,,,,,,,,,,,,,,,,,,,,,,,,,,,,,,,,,,,,,,,,,,,,,,,,,,,,,,,,,,79,,,76,,,,56,,,,,74,,,,,,,,,,72,,,,8,,,,,,,,,,,,,,,,,78,,,,,,,,,,,,,,,,72,,,,,,,,,,76,,,,,,75,,,,,,,,,,,,,61.8,71.4,9.6,1,
3/18/22 13:29,3/18/22 13:33,100,274,R_2X6Z7tY2RQ1kcqw,1,2,51,female,f,4,4,2,1,,,67,,,,,46,,,,,59,,,,,,,55,,,,,19,,,,,,,,39,,,,,,,,,,,,19,,,,,,,,,,,67,,,,,,,22,,,,,63,,,,,,,,,,,,,,,,,,,,,,,,,,,,,,,,,,,,,,,,,,,,,,,,,,,,,,,,,,,,,,,,,,,,,,,,,,,,,,,,,,,,,,,,,,,,,,,,,,,,,,,,42,49.2,7.2,1,
3/18/22 13:31,3/18/22 13:34,100,195,R_27COdIS41ax3Ej5,1,2,28,male,m,2,2,2,1,,,,,,,,,,,,,,,,,,,,,,,,,,,,,,,,,,,,,,,,,,,,,,,,,,,,,,,,,,,,,,,,,,,,,,,,,,,,,,,49,,,,,,,,,45,,,,47,,,,,46,,,,44,,,,,,,,,,,,,,,,53,,,,,,,,,,,44,,,,,,,,,,43,,,,,,,,,,,,,,47,,,,,,,,,,,,,,,,,,57,,48.8,46.2,-2.6,1,"i forgot to explain my dating profile line. i picked it because it's funny, and no but really we should just devolve and return back into the ocean"
3/18/22 13:24,3/18/22 13:35,100,640,R_3OqfhimLsRIUvOi,1,2,49,Male,m,1,1,1,3,,,,,,,,,,,,,,,,,,,,,,,,,,,,,,,,,,,,,,,,,,,,,,,,,,,,,,,,,,,,,,,,,,,,,,,,,,,,,,,,,,81,,,86,,,,,95,,,,,,,,,,80,80,,,,,,,,,,,,,,,,,,70,,,,,,82,,,,,,,,,,,,,,,,,,,,93,80,,,,,,,,,,,,,,,,,,,100,,,,,,,85,84.4,-0.6,1,
3/18/22 13:27,3/18/22 13:35,100,486,R_W1g1YrQNtkW1TQB,1,2,38,female,f,1,1,2,1,,,,,,,,,,,,,,,,,,,,,,,,,,,,,,,,,,,,,,,,,,,,,,,,,,,,,,,,,,,,,,,,,,,,,,,,,,,,,,,,,,50,,,,,,,30,20,,,,,,,,30,,,,,20,,,,,,,,21,,,,,,,,,,,,,,,20,,,,,,,70,,,,,,,,,,,,,,,,100,,,,,,,,,,,,,98,,,,,,,,,,61.8,30,-31.8,1,Occupation and height are equally important
3/18/22 13:23,3/18/22 13:35,100,724,R_erOqZDVxCdTglZ7,1,2,29,Female,f,1,1,2,1,,,,,,,,,,,,,,,,,,,,,,,,,,,,,,,,,,,,,,,,,,,,,,,,,,,,,,,,,,,,,,,,,,,,,,,,,,,,,,,,,19,,,,62,,,,,,49,,,,,,,,33,,,,,49,,,,,,,,,,60,,,,,,,55,,,,,,,,,,,,,,,,,,,,,,,50,,35,,,,,,,,,,,,,,,,,,,,,,,40,,,48,42.4,-5.6,1,
3/18/22 13:26,3/18/22 13:36,100,594,R_1dM7g8ecIlbiflP,1,2,58,Female,f,4,4,2,1,,,,,29,,,,35,,,61,,,,61,,,,,,53,,,,,52,,,,,,,,,,,,,,,65,,,,,,,,,51,,,,,,,,,,37,,,,,,,,,,,,49,,,,,,,,,,,,,,,,,,,,,,,,,,,,,,,,,,,,,,,,,,,,,,,,,,,,,,,,,,,,,,,,,,,,,,,,,,,,,,,,,,,,,,,,,,,,,,,,,,,50.8,47.8,-3,1,
3/18/22 13:30,3/18/22 13:37,100,409,R_2TMZ7g8ZRkVhc7S,1,2,61,female,f,1,1,2,2,,,,,,,,,,,,,,,,,,,,,,,,,,,,,,,,,,,,,,,,,,,,,,,,,,,,,,,,,,,,,,,,,,,,,,,,,,,,,,,,,80,,,,,,,50,,,,,,,91,,,90,,,,,81,,,,,,,,,,50,,,,,,,,,,,,,,,,,50,,,,,,,,,,90,,,,,,,,,,,,,,,,,,90,,,,,,93,,,,,,,,74.6,78.4,3.8,1,
3/18/22 13:30,3/18/22 13:37,100,399,R_3dGqknWYbu4QgW1,1,2,19,female,f,2,2,1,1,,,,,,,,,,,,,,,,,,,,,,,,,,,,,,,,,,,,,,,,,,,,,,,,,,,,,,,,,,,,,,,,,,,,,,,,,,,,,,,61,,,,,,,77,,,,81,,,,,,,,,,93,,,,,75,,,,75,,,,,,,,,,,,,,,,,,,,,,,72,,,,,,,,,,,92,,,,,88,,,,,,,,,,,,,85,,,,,,,,,,,82.4,77.4,-5,1,
3/18/22 13:35,3/18/22 13:38,100,171,R_9LGGFmEVK4Qor4d,1,2,20,Female,f,1,2,1,2,,,,,,,,,,,,,,,,,,,,,,,,,,,,,,,,,,,,,,,,,,,,,,,,,,,,,,,,,,,,,,,,,,,,,,,,,,,,,,,,,,,,63,,91,,,,,,,,,83,,90,,,,,,,,,63,93,,,,,,,,,,,,,,,,,,,,,,,92,,,,,,,,,,,,,,,72,,97,,,,,,,,,,,,,,,,,,,,,92,,,,89.2,78,-11.2,1,
3/18/22 13:22,3/18/22 13:40,100,1053,R_2U4LdhaXSNpqeCi,1,2,31,Male,m,4,5,1,1,,82,,,,,80,,,,100,,,,,,,,,82,100,,,,,,,50,,,,,,,,,,,,,25,,,,,,,,,,,,,40,,,,,,,,,,,,,15,,,,,,,20,,,,,,,,,,,,,,,,,,,,,,,,,,,,,,,,,,,,,,,,,,,,,,,,,,,,,,,,,,,,,,,,,,,,,,,,,,,,,,,,,,,,,,,,,,,,,,,,,,30,88.8,58.8,1,
3/18/22 13:35,3/18/22 13:40,100,295,R_2mnKoiTvIc77gkx,1,2,19,woman,f,1,2,1,2,,,,,,,,,,,,,,,,,,,,,,,,,,,,,,,,,,,,,,,,,,,,,,,,,,,,,,,,,,,,,,,,,,,,,,,,,,,,,,,,70,,,,,,,75,,,,,,,,79,,,,84,,,67,,,,,,,,,,,88,,,,,,,,,,,,,,,,,,72,,,,,,87,,,,,,,,,,,,98,,,,,,,,,,,,,,,,,,,76,,,,84.2,75,-9.2,1,
3/18/22 13:32,3/18/22 13:40,100,492,R_tJMIWUcGkmDd0lj,1,2,55,female,f,6,7,1,1,,,,86,,81,,,,,,,,,70,,,,82,,,,71,,,,,,,,,,,,,61,,,,,,,,,,86,,,50,,,,,,,,,,,,,,,,,86,,,,,,,,,81,,,,,,,,,,,,,,,,,,,,,,,,,,,,,,,,,,,,,,,,,,,,,,,,,,,,,,,,,,,,,,,,,,,,,,,,,,,,,,,,,,,,,,,,,,,,,,,,,72.8,78,5.2,1,
3/18/22 13:32,3/18/22 13:40,100,455,R_3g0cATnNBtii9rj,1,2,19,Woman,f,4,5,1,1,,,,,70,,,,,45,,,,95,,,,51,,,,,,60,,,,,,,,,,30,,,,,,,,,50,,,,,,,,,50,,,,,,60,,,,,,,,,,,,50,,,,,,,,,,,,,,,,,,,,,,,,,,,,,,,,,,,,,,,,,,,,,,,,,,,,,,,,,,,,,,,,,,,,,,,,,,,,,,,,,,,,,,,,,,,,,,,,,,,,,,48,64.2,16.2,1,I thought it was an interesting survey. There were a few I didn't feel very positive or negative towards because they were factual statements or reports of waht went on instead of an opinion 
3/18/22 13:28,3/18/22 13:40,100,735,R_3fOBCRutNEaFC3E,1,2,56,male,m,2,2,1,2,,,,,,,,,,,,,,,,,,,,,,,,,,,,,,,,,,,,,,,,,,,,,,,,,,,,,,,,,,,,,,,,,,,,,,,,,,,,,,,,,65,,,,,20,,,,,,76,,,,73,,,,,,,,,87,,,,,,,,,,60,,,,,,,87,,,,,,,,,,,,,,,,,,90,,,,,,,96,,,,,,,,,,,,,,,,,,,,,,85,,,83.6,64.2,-19.4,1,
3/18/22 13:36,3/18/22 13:40,100,267,R_2YJKtLwJ8fZtQXx,1,2,24,Female,f,3,2,2,1,,,,,,,,,,,,,,,,,,,,,,,,,,,,,,,,,,,,,,,,,,,,,,,,,,,,,,,,,,,,,,,,,,,,,,,,,,,,,,,,,,61,,,,,,93,,84,,,,,,100,,,,,,28,,,,,,,,,,,,85,,,,,,,,,,,,70,,,,,,,,,,50,,,,,,,,,,,,,,,,,83,,,,,,,,,,73,,,,,,,,,72.2,73.2,1,1,
3/18/22 13:34,3/18/22 13:40,100,388,R_1DMC9NIBUoScTgs,1,2,35,female,f,6,7,2,1,70,,,,,,,,2,,,,,85,,,65,,,,,,,,50,,,,75,,,,,,,,,,70,,,,,,,,,,,85,,,,,,,,,50,,,,,,,,,,,,85,,,,,,,,,,,,,,,,,,,,,,,,,,,,,,,,,,,,,,,,,,,,,,,,,,,,,,,,,,,,,,,,,,,,,,,,,,,,,,,,,,,,,,,,,,,,,,,,,,,,,73,54.4,-18.6,1,n/a!
3/18/22 13:32,3/18/22 13:41,100,532,R_WukHc8bt5lA1xeN,1,2,36,non-binary,non-binary,3,3,2,1,,,,,,,,,,,,,,,,,,,,,,,,,,,,,,,,,,,,,,,,,,,,,,,,,,,,,,,,,,,,,,,,,,,,,,,,,,,,,,,,,,,53,,,,,,76,70,,,,,,81,,,,,,,,60,,,,70,,,,,,,,,,,,,,,86,,,,,,,,,,,,70,,,,,,,,,,,60,,,,,,,,,,,,,75,,,,,,,,,,,,,72.2,68,-4.2,1,
3/18/22 13:34,3/18/22 13:41,100,401,R_12zEvqq4C7RkX7E,1,2,19,female,f,2,2,1,2,,,,,,,,,,,,,,,,,,,,,,,,,,,,,,,,,,,,,,,,,,,,,,,,,,,,,,,,,,,,,,,,,,,,,,,,,,,,,,,,,,50,,,,,,100,,,82,,,,,,,51,,,67,,,,,,,,,,,,,,,100,,,,,,,,,,,,,,81,,,,,,,,,,,,100,,,,,,100,,,,,,,,,,,,,,,,,,,100,,,,,96.2,70,-26.2,1,reading some tweets I've never seen before was interesting 
3/18/22 13:35,3/18/22 13:41,100,327,R_2ePw5bRbxxvFSVw,1,2,34,female,f,2,4,1,1,,,,,,,,,,,,,,,,,,,,,,,,,,,,,,,,,,,,,,,,,,,,,,,,,,,,,,,,,,,,,,,,,,,,,,,,,,,,,,,98,,,,,,,,83,,,,,,,74,,,,,,64,76,,,,,,,,,,89,,,,,,,,,,,,,,,,,,97,,,,,,,,,,95,,,,,,,,,,,,,,,98,,,,,,,,,,92,,,,,,,,94.2,79,-15.2,1,
3/18/22 13:36,3/18/22 13:42,100,317,R_302BV11XL5ydeRY,1,2,29,F,f,3,3,2,1,,,,,,,,,,,,,,,,,,,,,,,,,,,,,,,,,,,,,,,,,,,,,,,,,,,,,,,,,,,,,,,,,,,,,,,,,,,,,,,,,,,40,,,,,,82,91,,,,,,,,,100,,,,,78,,,,,,,,,,,42,,,,,,,81,,,,,,,,,,,,,,,,,,,100,,,,,,,,,,,,,,,29,,,,,,100,,,,,,,,,,70.4,78.2,7.8,1,no thank you
3/18/22 13:17,3/18/22 13:42,100,1487,R_3HCEg5RzrhXAfG6,1,2,37,female,f,1,1,1,2,,,,,,,,,,,,,,,,,,,,,,,,,,,,,,,,,,,,,,,,,,,,,,,,,,,,,,,,,,,,,,,,,,,,,,,,,,,,,,,,,,62,,,,39,,,,,,,50,,,,,70,,,,,,,50,,,,,61,,,,,,,,,,,,,,,,,51,,,,,,,,,,,,53,,,,,,,,,,,73,,,,,,,,,,,,,,,,,,,,80,,63.6,54.2,-9.4,1,
3/18/22 13:36,3/18/22 13:42,100,385,R_1FtXbRsHp4I00dW,1,2,34,female,f,3,2,1,1,,,,,,,,,,,,,,,,,,,,,,,,,,,,,,,,,,,,,,,,,,,,,,,,,,,,,,,,,,,,,,,,,,,,,,,,,,,,,,,,,,,66,,,85,,,,,,74,,,,,,,74,,83,,,,,,,,,,,,,,,,,63,,,100,,,,,,,,,,,,,87,,,,,,,,,,,,,,,,,,,,,,,72,,,62,,,,,,,,,,,,76.8,76.4,-0.4,1,
3/18/22 13:36,3/18/22 13:43,100,423,R_28ZdLZGX7tsAU3r,1,2,50,Female,f,1,1,1,2,,,,,,,,,,,,,,,,,,,,,,,,,,,,,,,,,,,,,,,,,,,,,,,,,,,,,,,,,,,,,,,,,,,,,,,,,,,,,,,,,,,,70,90,,,,,,70,,,,,,,,80,,,,80,,,,,,,,,,,,,,90,,,,,,,,85,,,,,,,,,,,,,90,,,,,,,,,,,,,,,,,85,,,,,,,,,,75,,,,,,,85,78,-7,1,
3/18/22 13:34,3/18/22 13:44,100,596,R_0kwx9z2HtcUc6oF,1,2,34,Nonbinary,non-binary ,1,1,2,1,,,,,,,,,,,,,,,,,,,,,,,,,,,,,,,,,,,,,,,,,,,,,,,,,,,,,,,,,,,,,,,,,,,,,,,,,,,,,,,,57,,,,,65,,,,,,,,51,,,,,,,51,,,,,51,,,,,,,65,,,,,,,,,,,,65,,,,,,,,,,,,,,,,,,,,75,,,,,,,55,,,,,,,,,,,,,,,90,,,,,,70,55,-15,1,I'd love to be able to support bipartisan efforts to reduce polarization... if most republicans didn't make it absolutely clear that they want me dead.
3/18/22 13:38,3/18/22 13:44,100,364,R_1kG2QnJw8qgqZa0,1,2,19,female,f,1,1,1,1,,,,,,,,,,,,,,,,,,,,,,,,,,,,,,,,,,,,,,,,,,,,,,,,,,,,,,,,,,,,,,,,,,,,,,,,,,,,,,,,70,,,,,81,,,,,,,,,70,,,,80,,,,,60,,,,,40,,,,,,,,,,,,,,,,,,,,54,,,,,,,,70,,,,,,,,,,,,,,,,60,,,,,,,,,,,,,,,,,,80,,60.8,72.2,11.4,1,
3/18/22 13:42,3/18/22 13:46,100,225,R_21p0waNvi5Xyeyd,1,2,38,Female,f,3,4,1,3,,,,,,,,,,,,,,,,,,,,,,,,,,,,,,,,,,,,,,,,,,,,,,,,,,,,,,,,,,,,,,,,,,,,,,,,,,,,,,,,,,,70,,,,,55,,,,,30,,,,,90,,,,,,80,,,,,,,,,,90,,,,,,,,,,40,,,,,,,,,,70,,,,,,,,,,,,,,,,85,,,,,,,,,,90,,,,,,,,,,,,75,65,-10,1,
3/18/22 13:38,3/18/22 13:47,100,542,R_3OkAaGlFkjV90G6,1,2,58,Female,f,3,4,1,1,,,,,,,,,,,,,,,,,,,,,,,,,,,,,,,,,,,,,,,,,,,,,,,,,,,,,,,,,,,,,,,,,,,,,,,,,,,,,,,61,,,,,,,,57,,,,,,,61,,,60,,,,,,,,,58,52,,,,,,,,,,,,,,,,,,,,,,,,,57,,,,,,,,50,,,,,,,,54,,,,,,,,,,,,,,,52,,,,,,,,,53,59.4,6.4,1,I don't join political parties because I know that they disempower individuals.
3/18/22 13:44,3/18/22 13:47,100,169,R_1LYi9UqOC0MKt5X,1,2,33,male,m,1,1,1,3,,,,,,,,,,,,,,,,,,,,,,,,,,,,,,,,,,,,,,,,,,,,,,,,,,,,,,,,,,,,,,,,,,,,,,,,,,,,,,,6,,,,,,,,,,5,,,48,,,,,,,,5,31,,,,,,,,,,,,,,,,71,,,,,,100,,,,,,,,,,,,,,,,,,,,,,1,,,,33,,,,,,,,,,,,,,,,,,,,,,95,60,19,-41,1,
3/18/22 13:24,3/18/22 13:47,100,1364,R_uyTCtoudSOVQoql,1,2,21,non-binary ,non-binary ,2,1,1,1,,,,,,,,,,,,,,,,,,,,,,,,,,,,,,,,,,,,,,,,,,,,,,,,,,,,,,,,,,,,,,,,,,,,,,,,,,,,,,,,,50,,,,,,,46,,,30,,,,,18,,,,,,50,,,,,,,,,,,72,,,,,,,,,,,,,,50,,,,,,,,,,,,50,,,,,,,,,,,,,,67,,,,,,,,57,,,,,,,,,,,59.2,38.8,-20.4,1,
3/18/22 13:40,3/18/22 13:47,100,397,R_3Oq9f18Zkf5bgg3,1,2,67,Male,m,1,3,1,1,,,,,,,,,,,,,,,,,,,,,,,,,,,,,,,,,,,,,,,,,,,,,,,,,,,,,,,,,,,,,,,,,,,,,,,,,,,,,,,,100,,,,,,100,,,,,,,,100,,,100,,,,,,,,,100,,,,,,,,,,100,,,,,,100,,,,,,,,,,,,,,,,,,,,100,,,,,,,,,,,,,100,,,,,,,100,,,,,,,,,,100,100,0,1,
3/18/22 13:45,3/18/22 13:47,100,162,R_1I7c5EY7n2sbZW9,1,2,25,Male,m,4,4,1,1,,,,,50,,,,,52,,,51,,,,49,,,,,49,,,,,,,,,,,50,,,,50,,,,,,,,,,,,,,,,,,,49,,,,,,49,,,,,,,,,,50,,,,,,,,,,,,,,,,,,,,,,,,,,,,,,,,,,,,,,,,,,,,,,,,,,,,,,,,,,,,,,,,,,,,,,,,,,,,,,,,,,,,,,,,,,,,,,,,,,,,49.6,50.2,0.6,1,
3/18/22 13:42,3/18/22 13:47,100,351,R_1FCUJo9CJrTkXQ3,1,2,40,female,f,2,2,1,2,,,,,,,,,,,,,,,,,,,,,,,,,,,,,,,,,,,,,,,,,,,,,,,,,,,,,,,,,,,,,,,,,,,,,,,,,,,,,,,,,,91,,,63,,,,,,,72,,,,,,,,,,,50,,,,,,51,,,,,,,,,,,,,,,,70,,,,,,,,,,,,,,,,38,,,,,,,,,,,,,61,,,,,,,,,,,,,54,,,,,54.8,69,14.2,1,
3/18/22 13:42,3/18/22 13:48,100,315,R_STduuE0SsvB3P9v,1,2,19,female,f,3,2,2,1,,,,,,,,,,,,,,,,,,,,,,,,,,,,,,,,,,,,,,,,,,,,,,,,,,,,,,,,,,,,,,,,,,,,,,,,,,,,,,,,,,,,38,,,85,,,,,90,,,,,,,98,,,,,,97,,,,,,,,,,,,,65,,88,,,,,,,,,,,,,86,,,,,,,,,,,,,,,,,,,,,,,,98,,90,,,,,,,,,,,,,85.4,81.6,-3.8,1,no thank you
3/18/22 13:48,3/18/22 13:48,100,22,R_21yxyoaszX6zsLg,1,1,,,,,,,,,,,,,,,,,,,,,,,,,,,,,,,,,,,,,,,,,,,,,,,,,,,,,,,,,,,,,,,,,,,,,,,,,,,,,,,,,,,,,,,,,,,,,,,,,,,,,,,,,,,,,,,,,,,,,,,,,,,,,,,,,,,,,,,,,,,,,,,,,,,,,,,,,,,,,,,,,,,,,,,,,,,,,,,,,,,,,,,
3/18/22 13:39,3/18/22 13:49,100,582,R_3hyaO6BrAhJfUkG,1,2,35,female,f,2,3,1,1,,,,,,,,,,,,,,,,,,,,,,,,,,,,,,,,,,,,,,,,,,,,,,,,,,,,,,,,,,,,,,,,,,,,,,,,,,,,,,,,,75,,,,,,70,,,,,90,,,,,86,,,,,,,,67,,,,,,60,,,,,,,,,,90,,,,,,,,,,,,,,,,,,,,,,80,,,,,,,,70,,,,,,,,,,50,,,,,,,,,,,70,77.6,7.6,1,everything was clear and easy to understand.
3/18/22 13:48,3/18/22 13:49,100,23,R_2bNNzZpTYuYAJQw,1,1,,,,,,,,,,,,,,,,,,,,,,,,,,,,,,,,,,,,,,,,,,,,,,,,,,,,,,,,,,,,,,,,,,,,,,,,,,,,,,,,,,,,,,,,,,,,,,,,,,,,,,,,,,,,,,,,,,,,,,,,,,,,,,,,,,,,,,,,,,,,,,,,,,,,,,,,,,,,,,,,,,,,,,,,,,,,,,,,,,,,,,,
3/18/22 13:49,3/18/22 13:49,100,21,R_232kJxuN1xS9WbD,1,1,,,,,,,,,,,,,,,,,,,,,,,,,,,,,,,,,,,,,,,,,,,,,,,,,,,,,,,,,,,,,,,,,,,,,,,,,,,,,,,,,,,,,,,,,,,,,,,,,,,,,,,,,,,,,,,,,,,,,,,,,,,,,,,,,,,,,,,,,,,,,,,,,,,,,,,,,,,,,,,,,,,,,,,,,,,,,,,,,,,,,,,
3/18/22 13:48,3/18/22 13:49,100,71,R_2us8YQilJ3i4gTj,1,1,,,,,,,,,,,,,,,,,,,,,,,,,,,,,,,,,,,,,,,,,,,,,,,,,,,,,,,,,,,,,,,,,,,,,,,,,,,,,,,,,,,,,,,,,,,,,,,,,,,,,,,,,,,,,,,,,,,,,,,,,,,,,,,,,,,,,,,,,,,,,,,,,,,,,,,,,,,,,,,,,,,,,,,,,,,,,,,,,,,,,,,
3/18/22 13:48,3/18/22 13:49,100,61,R_3oUfS9Gylc4xvy3,1,1,,,,,,,,,,,,,,,,,,,,,,,,,,,,,,,,,,,,,,,,,,,,,,,,,,,,,,,,,,,,,,,,,,,,,,,,,,,,,,,,,,,,,,,,,,,,,,,,,,,,,,,,,,,,,,,,,,,,,,,,,,,,,,,,,,,,,,,,,,,,,,,,,,,,,,,,,,,,,,,,,,,,,,,,,,,,,,,,,,,,,,,
3/18/22 13:37,3/18/22 13:49,100,746,R_268x1alAmEVkUAm,1,2,55,Female,f,3,2,1,2,,,,,,,,,,,,,,,,,,,,,,,,,,,,,,,,,,,,,,,,,,,,,,,,,,,,,,,,,,,,,,,,,,,,,,,,,,,,,,,,,,,,80,,,,,85,,,77,,,,,,,,85,,,,,,70,,,,,,,,,,,,,80,,,,,,,,,60,,,,,,,,,70,,,,,,,,,,82,,,,,,,,,,,,,,,,,,,,,,,,65,71.4,79.4,8,1,"Interesting survey. In general, I feel more favorable towards those who don't spend their time bashing the opposition. Advocate for your side and just let go of the personal attacks."
3/18/22 13:37,3/18/22 13:50,100,746,R_30r76d5YeeHVJnM,1,2,28,female,f,2,3,1,2,,,,,,,,,,,,,,,,,,,,,,,,,,,,,,,,,,,,,,,,,,,,,,,,,,,,,,,,,,,,,,,,,,,,,,,,,,,,,,,100,,,,,,,,,,100,,,,,,80,,,,,92,,90,,,,,,,,,,71,,,,,,,,39,,,,,,,,,,,,,30,,,,,,,,,,,,,,,,,,,40,,,,,,,,,,,,,,,,,61,,,48.2,92.4,44.2,1,
3/18/22 13:42,3/18/22 13:50,100,464,R_8Cy2UkDcB0yUXZv,1,2,36,Male,m,3,3,1,1,,,,,,,,,,,,,,,,,,,,,,,,,,,,,,,,,,,,,,,,,,,,,,,,,,,,,,,,,,,,,,,,,,,,,,,,,,,,,,,,100,,,,,,81,,,,90,,,,,,,,87,,,75,,,,,,,,,,,,,,81,,,,,,,,,,,,,,,,85,,,,,,,,,,,,,65,,,,,,,,,,,,,,87,,,,,,,,92,,,,,,82,86.6,4.6,1,I'm surprised that the tweets I was presented were leaning Democratic and that there were no Republican tweets.
3/18/22 13:36,3/18/22 13:50,100,858,R_3PbN7zuG6zpJE5G,1,2,36,Female,f,6,6,1,2,63,,,,,,,55,,,51,,,,,,,,51,,61,,,,,,,25,,,,,,,,,,,,,,,,80,,,,0,,,,,,,,,,,,,,,,,60,,,43,,,,,,,,,,,,,,,,,,,,,,,,,,,,,,,,,,,,,,,,,,,,,,,,,,,,,,,,,,,,,,,,,,,,,,,,,,,,,,,,,,,,,,,,,,,,,,,,,,,,,,,,41.6,56.2,14.6,1,
3/18/22 13:31,3/18/22 13:51,100,1180,R_wZ8ukqEjtSSiQs9,1,2,54,female,f,4,5,2,2,,,,66,,,72,,,,,,,,81,,,50,,,,,,38,,,,,,76,,,,,,,,,,,,,,,13,,,,,,,,,,81,,,,,24,,,,,,,,,,,,,,,29,,,,,,,,,,,,,,,,,,,,,,,,,,,,,,,,,,,,,,,,,,,,,,,,,,,,,,,,,,,,,,,,,,,,,,,,,,,,,,,,,,,,,,,,,,,,,,,,,44.6,61.4,16.8,1,
3/18/22 13:46,3/18/22 13:51,100,287,R_C1vhcNW0S1Ik3bX,1,2,30,Male,m,4,6,1,2,,30,,,,80,,,,,,90,,,,90,,,,,,,50,,,,,,,60,,,,,,,,65,,,,,,,,,,,,,,,,,,,65,,,,,,,75,,,,,,,,25,,,,,,,,,,,,,,,,,,,,,,,,,,,,,,,,,,,,,,,,,,,,,,,,,,,,,,,,,,,,,,,,,,,,,,,,,,,,,,,,,,,,,,,,,,,,,,,,,,,,58,68,10,1,
3/18/22 13:47,3/18/22 13:52,100,252,R_1dF9asuqsGc8O1a,1,2,21,non-binary ,non-binary ,1,1,1,1,,,,,,,,,,,,,,,,,,,,,,,,,,,,,,,,,,,,,,,,,,,,,,,,,,,,,,,,,,,,,,,,,,,,,,,,,,,,,,,,,,,,50,,,70,,,,10,,,,,,,75,,,,,,,,90,,,,50,,,,,,,,,,,,,,,,,,,,,70,,,,75,,,,,,,,,,,50,,,,,,,,,,,,,,,,,,,,,,,,100,,69,59,-10,1,
3/18/22 13:45,3/18/22 13:52,100,401,R_2dfPeoeFkywmW89,1,2,33,Male,m,1,1,1,1,,,,,,,,,,,,,,,,,,,,,,,,,,,,,,,,,,,,,,,,,,,,,,,,,,,,,,,,,,,,,,,,,,,,,,,,,,,,,,,,,,89,,,,,,84,,,,,82,,,,91,,,,,,,77,,,,,,,,,,,,,,,81,,,,,,,90,,,,,,,,,,,,91,,,,,,,,,,,,,,,,,,84,,,,,,,,,94,,,,,,,88,84.6,-3.4,1,
3/18/22 13:49,3/18/22 13:53,100,207,R_yxBCkXyhBDu8sTL,1,2,24,male,m,1,1,1,1,,,,,,,,,,,,,,,,,,,,,,,,,,,,,,,,,,,,,,,,,,,,,,,,,,,,,,,,,,,,,,,,,,,,,,,,,,,,,,,,,,,40,,,33,,,,,,,,46,,,,,61,,,,47,,,,,,47,,,,,,,,,,,,,,,,,,,46,,,,,,,,,,,72,,,,,,,,,,,,,,,,,51,,,39,,,,,,,,,,,,,51,45.4,-5.6,1,
3/18/22 13:47,3/18/22 13:55,100,477,R_3r05EehV8C8ndJx,1,2,76,male,m,1,2,1,3,,,,,,,,,,,,,,,,,,,,,,,,,,,,,,,,,,,,,,,,,,,,,,,,,,,,,,,,,,,,,,,,,,,,,,,,,,,,,,,,,95,,,,95,,,,,,,,,95,,96,,,,,,5,,,,,,,,,,,,,,,95,,,,,95,,,,,,,,,,,,,95,,,,,,,,,,,,,,,,95,,,,,,,,,,,,,95,,,,,,,,95,77.2,-17.8,1,
3/18/22 13:44,3/18/22 13:55,100,616,R_3EIIGUqO1jW9BaV,1,2,37,female,f,3,4,1,1,,,,,,,,,,,,,,,,,,,,,,,,,,,,,,,,,,,,,,,,,,,,,,,,,,,,,,,,,,,,,,,,,,,,,,,,,,,,,,,,,100,,,,100,,,,,,,100,,,,100,,,,,,100,,,,,,,,60,,,,,,,,,,,,,,,,,,,90,,,,,,,,,,,,,,,,11,,,,,,,,,,10,,,,,,,,90,,,,,,,,,52.2,100,47.8,1,
3/18/22 13:52,3/18/22 13:55,100,193,R_9oSAw0EHFBUjRLP,1,2,41,male,m,1,1,1,2,,,,,,,,,,,,,,,,,,,,,,,,,,,,,,,,,,,,,,,,,,,,,,,,,,,,,,,,,,,,,,,,,,,,,,,,,,,,,,,100,,,,,,,,,,100,,,,,,100,,100,,,,,,,100,,,,,,,81,,,,,,,,,,,,,,,,,,,,,92,,,,,,,,,,100,,,,,,,,83,,,,,,,,,,,,,,,,,,92,,,,89.6,100,10.4,1,
3/18/22 13:49,3/18/22 13:56,100,422,R_2R2nG8bLYvfmUPS,1,2,48,female,f,4,5,1,2,,,60,,,58,,,,,75,,,,,,,,,53,,,,,49,,,,,,,,,61,,,,,,33,,,,,,,,,,,,,43,,,,,76,,,,,,,,,,,,,,,23,,,,,,,,,,,,,,,,,,,,,,,,,,,,,,,,,,,,,,,,,,,,,,,,,,,,,,,,,,,,,,,,,,,,,,,,,,,,,,,,,,,,,,,,,,,,,,,,,,,47.2,59,11.8,1,
3/18/22 13:56,3/18/22 13:58,100,160,R_2wTZ9lsD7a9Ap0p,1,2,54,male,m,3,4,1,2,,,,,,,,,,,,,,,,,,,,,,,,,,,,,,,,,,,,,,,,,,,,,,,,,,,,,,,,,,,,,,,,,,,,,,,,,,,,,,,,,,71,,,,,,66,,,,,,82,,,,,,65,,,,,,84,82,,,,,,,,,,,,,,,,70,,,,,,,,,,,,,,,68,,,,,,,,,,,,,,66,,,,,,,,,,,,,95,,,,,,,76.2,73.6,-2.6,1,
3/18/22 13:53,3/18/22 13:58,100,354,R_2ckgbEH12peH9T6,1,2,50,female,f,6,7,1,1,,93,,,,,83,,,,,,,71,,,,,,71,,,79,,,,,,,,,,,,,62,,,,80,,,,,,,,,,,69,,,,,,,,,,83,,,,,,,,,,,,,80,,,,,,,,,,,,,,,,,,,,,,,,,,,,,,,,,,,,,,,,,,,,,,,,,,,,,,,,,,,,,,,,,,,,,,,,,,,,,,,,,,,,,,,,,,,,,,,,,,74.8,79.4,4.6,1,
3/18/22 14:01,3/18/22 14:02,100,83,R_WAjHLC4odg1uxTX,1,1,,,,,,,,,,,,,,,,,,,,,,,,,,,,,,,,,,,,,,,,,,,,,,,,,,,,,,,,,,,,,,,,,,,,,,,,,,,,,,,,,,,,,,,,,,,,,,,,,,,,,,,,,,,,,,,,,,,,,,,,,,,,,,,,,,,,,,,,,,,,,,,,,,,,,,,,,,,,,,,,,,,,,,,,,,,,,,,,,,,,,,,
3/18/22 13:56,3/18/22 14:03,100,472,R_1Q6gkwg0qygkyeT,1,2,38,male,m,3,4,1,1,,,,,,,,,,,,,,,,,,,,,,,,,,,,,,,,,,,,,,,,,,,,,,,,,,,,,,,,,,,,,,,,,,,,,,,,,,,,,,,,,,,,45,,,,55,,,,,,57,,,44,,,,,,,,,55,,,,,,,1,,,,,,,,,,,,,,,,1,,,,,,,,54,,,,,,,,,,,,,,,,,,,,3,,,,,,,,,,70,,,,,25.8,51.2,25.4,1,N/A
3/18/22 13:55,3/18/22 14:04,100,515,R_1oFRmsBjYScifjT,1,2,62,female,f,6,7,2,1,,,51,,,,,,,100,,,100,,,100,,,,,,100,,,,,,,,,,100,,,,,,,,,,,,51,,,,,,100,,,,,,,,,,,,,,,52,,,,51,,,,,,,,,,,,,,,,,,,,,,,,,,,,,,,,,,,,,,,,,,,,,,,,,,,,,,,,,,,,,,,,,,,,,,,,,,,,,,,,,,,,,,,,,,,,,,,,,,,,,,,70.8,90.2,19.4,1,
3/18/22 13:56,3/18/22 14:04,100,509,R_C8HQ9ykZlvMb0AN,1,2,42,male,m,4,4,2,1,,,,,0,,,0,,,,0,,,,,0,,,,,,,0,,,,,,,,,,,0,,,,,,0,,,,,,,,0,,,,,,,,,,,,,,0,,,,,,,,,,,,,0,,,,,,,,,,,,,,,,,,,,,,,,,,,,,,,,,,,,,,,,,,,,,,,,,,,,,,,,,,,,,,,,,,,,,,,,,,,,,,,,,,,,,,,,,,,,,,,,0,0,0,1,To be fair I hate the 2 main parties.  I'm independent and I don't like the question where I had to choose between those 2 idiot groups.
3/18/22 13:59,3/18/22 14:04,100,310,R_2OTs18Yi4yuD87u,1,2,35,female,f,4,5,2,1,58,,,,,,,,46,,,,,,64,,,,61,,45,,,,,,,,51,,,,,,,,,51,,,,,,,,,56,,,,,,,,,,,,,,,,,,,57,,,,43,,,,,,,,,,,,,,,,,,,,,,,,,,,,,,,,,,,,,,,,,,,,,,,,,,,,,,,,,,,,,,,,,,,,,,,,,,,,,,,,,,,,,,,,,,,,,,,,,,,,,,51.6,54.8,3.2,1,
3/18/22 13:56,3/18/22 14:04,100,504,R_3hc33pAtG2eEGHw,1,2,57,male,m,3,3,2,1,,,,,,,,,,,,,,,,,,,,,,,,,,,,,,,,,,,,,,,,,,,,,,,,,,,,,,,,,,,,,,,,,,,,,,,,,,,,,,,,,,,81,,,81,,,,70,,,,,,76,,,,,,,,,82,,,,,,,100,,,,,,,,,91,,,,,,,,,,,,,,,,,,,,81,,,,,,,,,,,,,,,,,81,,,,,,81,,,,,,,,86.8,78,-8.8,1,
3/18/22 13:56,3/18/22 14:05,100,499,R_QhP1JDwYnCJw0Q9,1,2,58,Male,m,3,3,1,2,,,,,,,,,,,,,,,,,,,,,,,,,,,,,,,,,,,,,,,,,,,,,,,,,,,,,,,,,,,,,,,,,,,,,,,,,,,,,,,55,,,,,,,,,,40,,,20,,,,,,50,,,,,50,,,,,,,,,,,,55,,,,,,,,,30,,,,,,,,,,,,,,,,65,,,,,,,,,,,,,,35,,,,,,20,,,,,,,,,,,,41,43,2,1,For the last question I chose religious affiliation because I am a nontheist and I don't trust people too much when they outsource their moral decisions to other people purporting to speak on behalf of gods.
3/18/22 13:53,3/18/22 14:05,100,721,R_2dhdtAD9DhfyKDS,1,2,55,male,m,1,2,1,3,,,,,,,,,,,,,,,,,,,,,,,,,,,,,,,,,,,,,,,,,,,,,,,,,,,,,,,,,,,,,,,,,,,,,,,,,,,,,,,,80,,,,,,,80,,,,,,,,75,,,,,85,60,,,,,,,55,,,,,,,,,,,,75,,,,,,,,,,,,,,,,,,,,,,,,75,,,,85,,,,,,,,,,,,,,,,,,90,,,,,,76,76,0,1,
3/18/22 14:02,3/18/22 14:07,100,292,R_808smuv9qXPDeQ9,1,2,25,male,m,1,1,1,1,,,,,,,,,,,,,,,,,,,,,,,,,,,,,,,,,,,,,,,,,,,,,,,,,,,,,,,,,,,,,,,,,,,,,,,,,,,,,,,,15,,,,,,,,,25,,,,15,,,,,,,10,10,,,,,,,,,,,,,,,,,,60,,,,,,,,80,,,,,,,,,55,,,,,,,,,,80,,,,,,,,,,,,,,,,,,,,,,,,,60,67,15,-52,1,
3/18/22 13:56,3/18/22 14:07,100,674,R_20Pfgd9MT44Cpty,1,2,23,Male,m,2,2,1,1,,,,,,,,,,,,,,,,,,,,,,,,,,,,,,,,,,,,,,,,,,,,,,,,,,,,,,,,,,,,,,,,,,,,,,,,,,,,,,,,,,70,,,68,,,,,,,55,,,,,,,75,,,65,,,,,,,,,,,,,,65,,,,,,,,,70,,,,,,,,,65,,,,,,,,,,,,,75,,,,,,,,,,,,,,66,,,,,,,,,,,68.2,66.6,-1.6,1,
3/18/22 14:00,3/18/22 14:08,100,528,R_10uwHCSz5kTAxuF,1,2,49,woman,f,6,7,2,1,,,,1,,,,,1,,,,,,50,,,30,,,,,,100,,,72,,,,,,,,,,100,,,,,,,,,,,,,,,20,,,,,,,,,,,,,,,0,,,,,,,,,,,90,,,,,,,,,,,,,,,,,,,,,,,,,,,,,,,,,,,,,,,,,,,,,,,,,,,,,,,,,,,,,,,,,,,,,,,,,,,,,,,,,,,,,,,,,,,,,,56.4,36.4,-20,1,None
3/18/22 14:05,3/18/22 14:09,100,250,R_24Bl6mPxLNrAYux,1,2,31,male,m,3,1,1,3,,,,,,,,,,,,,,,,,,,,,,,,,,,,,,,,,,,,,,,,,,,,,,,,,,,,,,,,,,,,,,,,,,,,,,,,,,,,,,,,,,,,0,,,49,,,,,,,,57,,0,,,,,,,0,,,,,,,,,,,,,,0,,,,,,,,,,,,0,,,0,,,,,,,,,,,,,,,,,,,,0,,,,,,,,,,,,,,,,0,,,0,21.2,21.2,1,
3/18/22 14:02,3/18/22 14:09,100,382,R_3ERquXaR9thA75M,1,2,31,Male,m,5,6,1,1,87,,,,,,,100,,,100,,,,,,,50,,,72,,,,,,,,,,81,,,,,,,,,,,74,,,,,,,,,,,,65,,,,,,,,,,40,,,,,,,,,,,,22,,,,,,,,,,,,,,,,,,,,,,,,,,,,,,,,,,,,,,,,,,,,,,,,,,,,,,,,,,,,,,,,,,,,,,,,,,,,,,,,,,,,,,,,,,,,,,,,56.4,81.8,25.4,1,
3/18/22 14:05,3/18/22 14:10,100,320,R_2VjZ9eNU0rM8XNC,1,2,31,male,m,4,4,1,1,,,39,,,,24,,,,,54,,,,,,,30,,,,,,20,24,,,,,,,,,,,,,29,,,,,,,,,28,,,,,,,,,,,,20,,,,,,,,,,,30,,,,,,,,,,,,,,,,,,,,,,,,,,,,,,,,,,,,,,,,,,,,,,,,,,,,,,,,,,,,,,,,,,,,,,,,,,,,,,,,,,,,,,,,,,,,,,,,,,,,,26.2,33.4,7.2,1,
3/18/22 14:03,3/18/22 14:11,100,501,R_1P5gTXo4tBrXOaU,1,2,22,Male,m,3,4,1,1,,,,,,,,,,,,,,,,,,,,,,,,,,,,,,,,,,,,,,,,,,,,,,,,,,,,,,,,,,,,,,,,,,,,,,,,,,,,,,,,,92,,,,,,,100,,,,81,,,,100,,,,,,,,,100,,,,,,,,,61,,,,,,,,,,,,55,,,,,,,,,,,,,,,,,40,,,,,,70,,,,,,,,,,,,,90,,,,,,,,,,63.2,94.6,31.4,1,
3/18/22 14:08,3/18/22 14:13,100,257,R_3r2n3flR0StMddn,1,2,28,Female,f,6,7,1,2,,,,70,,82,,,,,,,,80,,,75,,,,,80,,,,,99,,,,,,,,,,,,,,,,80,,,,,,,,,79,,,,,,,85,,,,,,,,,72,,,,,,,,,,,,,,,,,,,,,,,,,,,,,,,,,,,,,,,,,,,,,,,,,,,,,,,,,,,,,,,,,,,,,,,,,,,,,,,,,,,,,,,,,,,,,,,,,,,,,,,,83,77.4,-5.6,1,
3/18/22 14:14,3/18/22 14:14,100,14,R_3nqjeAio1MmE2IU,1,1,,,,,,,,,,,,,,,,,,,,,,,,,,,,,,,,,,,,,,,,,,,,,,,,,,,,,,,,,,,,,,,,,,,,,,,,,,,,,,,,,,,,,,,,,,,,,,,,,,,,,,,,,,,,,,,,,,,,,,,,,,,,,,,,,,,,,,,,,,,,,,,,,,,,,,,,,,,,,,,,,,,,,,,,,,,,,,,,,,,,,,,
3/18/22 14:11,3/18/22 14:14,100,214,R_2SiXer1qWQXHmhL,1,2,59,male,m,2,2,2,1,,,,,,,,,,,,,,,,,,,,,,,,,,,,,,,,,,,,,,,,,,,,,,,,,,,,,,,,,,,,,,,,,,,,,,,,,,,,,,,100,,,,,,,100,,,,,,,,,100,,,,100,,,,100,,,,,,,,,,100,,,,,,,,,,,100,,,,,,,,,,,,,,,,100,,,,,,,,,,,,100,,,,,,,,,,,100,,,,,,,,,100,100,0,1,
3/18/22 14:05,3/18/22 14:15,100,581,R_1ojsGi3V54KsTJJ,1,2,71,male,m,3,4,2,1,,,,,,,,,,,,,,,,,,,,,,,,,,,,,,,,,,,,,,,,,,,,,,,,,,,,,,,,,,,,,,,,,,,,,,,,,,,,,,,,,,,71,,,91,,,,,,,,,81,,,91,,,,,,91,,,,,,,,,,,,81,,,,,,100,,,,,,,,,,,,,,,,,,,,,,81,,,,,,91,,,,,,,,,,,,,,81,,,,,,,,86.8,85,-1.8,1,
3/18/22 14:11,3/18/22 14:16,100,309,R_1E6jDzTmdPsz98f,1,2,33,Male,m,3,4,1,1,,,,,,,,,,,,,,,,,,,,,,,,,,,,,,,,,,,,,,,,,,,,,,,,,,,,,,,,,,,,,,,,,,,,,,,,,,,,,,,,,,,,54,,,29,,,,,,61,,,,,70,,,,,25,,,,,,,,5,,,,,,,,,,,,,,,,64,,,,,,,,,,57,,,,,,,,,,,,,,,,,,,11,,,,,,,,,,79,,,,,,43.2,47.8,4.6,1,
3/18/22 14:06,3/18/22 14:16,100,603,R_d0vMFO5SRYxlyA9,1,2,28,Male,m,1,1,1,2,,,,,,,,,,,,,,,,,,,,,,,,,,,,,,,,,,,,,,,,,,,,,,,,,,,,,,,,,,,,,,,,,,,,,,,,,,,,,,,,,,55,,,,,,66,,,,,,65,,,,,49,,,71,,,,,,40,,,,,,,,,,,,,61,,,,,,,,,,,,,,,,,63,,,,,,,,,,,,,,,,,71,,,,,,,,,,,,,,,60,,59,61.2,2.2,1,
3/18/22 14:10,3/18/22 14:16,100,400,R_1rOgT5KFh27Ipeh,1,2,36,nonbinary,non-binary ,2,2,1,3,,,,,,,,,,,,,,,,,,,,,,,,,,,,,,,,,,,,,,,,,,,,,,,,,,,,,,,,,,,,,,,,,,,,,,,,,,,,,,,,,51,,,,97,,,,,,5,,,,,,100,,,,,,,,,44,,,80,,,,,,,,,,,75,,,,,,,,,,,,,,,,,,,,,,,100,,,,,,,,100,,,,,,,,,,,92,,,,,,,,,,89.4,59.4,-30,1,
3/18/22 14:11,3/18/22 14:18,100,373,R_1F9QJFJ76zRWRoF,1,2,50,Male,m,1,1,1,2,,,,,,,,,,,,,,,,,,,,,,,,,,,,,,,,,,,,,,,,,,,,,,,,,,,,,,,,,,,,,,,,,,,,,,,,,,,,,,,,,,,50,,100,,,,,100,,,,,,,,,,78,,,,,91,,,,,,,,,,,,100,,,,,,,,,,,,,,100,,,,100,,,,,,,,,,,,,100,,,,,,,,,,,,,,,,,,,,100,,,,100,83.8,-16.2,1,
3/18/22 14:19,3/18/22 14:19,100,30,R_DAdUhatdJSTdgFX,1,1,,,,,,,,,,,,,,,,,,,,,,,,,,,,,,,,,,,,,,,,,,,,,,,,,,,,,,,,,,,,,,,,,,,,,,,,,,,,,,,,,,,,,,,,,,,,,,,,,,,,,,,,,,,,,,,,,,,,,,,,,,,,,,,,,,,,,,,,,,,,,,,,,,,,,,,,,,,,,,,,,,,,,,,,,,,,,,,,,,,,,,,
3/18/22 14:16,3/18/22 14:19,100,195,R_1ilLrykQztsx0iA,1,2,19,Male,m,3,4,1,3,,,,,,,,,,,,,,,,,,,,,,,,,,,,,,,,,,,,,,,,,,,,,,,,,,,,,,,,,,,,,,,,,,,,,,,,,,,,,,,,,,,,59,68,,,,,,,,,36,,70,,,,,,48,,,,,,,,,,,,,,,,,54,,,,,,,,,,,42,,,,,,,,,59,,,,,,,67,,,,,,,,,,,,,,,,,,,44,,,,,,,53.2,56.2,3,1,
3/18/22 14:14,3/18/22 14:19,100,334,R_3GDQCpXlvwXUWVv,1,2,39,Male,m,2,1,1,2,,,,,,,,,,,,,,,,,,,,,,,,,,,,,,,,,,,,,,,,,,,,,,,,,,,,,,,,,,,,,,,,,,,,,,,,,,,,,,,,65,,,,,,,,,70,,70,,,,,,,65,,,,,75,,,,,,,,,,,,,,,65,,,,,,,,,,,,,,65,,,,75,,,,,,,,,,,,,60,,,,,,,,,,,,65,,,,,,,,,,,66,69,3,1,
3/18/22 14:20,3/18/22 14:20,100,30,R_2Yfy713G9GIx8Iy,1,1,,,,,,,,,,,,,,,,,,,,,,,,,,,,,,,,,,,,,,,,,,,,,,,,,,,,,,,,,,,,,,,,,,,,,,,,,,,,,,,,,,,,,,,,,,,,,,,,,,,,,,,,,,,,,,,,,,,,,,,,,,,,,,,,,,,,,,,,,,,,,,,,,,,,,,,,,,,,,,,,,,,,,,,,,,,,,,,,,,,,,,,
3/18/22 14:19,3/18/22 14:22,100,166,R_1GH6kJ6zagn6IOH,1,2,34,male,m,3,4,1,1,,,,,,,,,,,,,,,,,,,,,,,,,,,,,,,,,,,,,,,,,,,,,,,,,,,,,,,,,,,,,,,,,,,,,,,,,,,,,,,,,49,,,,,,,50,,,50,,,,,,,,,50,,,,,50,,,,,,,,,49,,,,,,,,,,,,,,50,,,,,,,,,,,,,50,,,,,,50,,,,,,,,,,,,,,,,,,,,,,,,50,49.8,49.8,0,1,
3/18/22 14:16,3/18/22 14:22,100,342,R_1cZHr4mlz4MBLO1,1,2,33,Male,m,3,4,2,1,,,,,,,,,,,,,,,,,,,,,,,,,,,,,,,,,,,,,,,,,,,,,,,,,,,,,,,,,,,,,,,,,,,,,,,,,,,,,,,,,,,86,,,,,,55,,,87,,,,,67,,,,,,,80,,,,,,,,84,,,,,,,,,,,,,66,,,,,,,,,,,,,,,,,,,,71,,,,,,,,,,,,64,,,,,,,,,,,,69,,,70.8,75,4.2,1,
3/18/22 14:22,3/18/22 14:22,100,15,R_1hQNjEEYDE3XLhb,1,1,,,,,,,,,,,,,,,,,,,,,,,,,,,,,,,,,,,,,,,,,,,,,,,,,,,,,,,,,,,,,,,,,,,,,,,,,,,,,,,,,,,,,,,,,,,,,,,,,,,,,,,,,,,,,,,,,,,,,,,,,,,,,,,,,,,,,,,,,,,,,,,,,,,,,,,,,,,,,,,,,,,,,,,,,,,,,,,,,,,,,,,
3/18/22 14:19,3/18/22 14:24,100,304,R_2f8WKCGhKmxZ3el,1,2,32,male,m,4,5,1,1,,50,,,,,,,40,,,50,,,,,,,,50,50,,,,,,,,60,,,,,,,,,,,,,,,,60,,,,,50,,,,,,,,60,,,,,,,,,,,,,50,,,,,,,,,,,,,,,,,,,,,,,,,,,,,,,,,,,,,,,,,,,,,,,,,,,,,,,,,,,,,,,,,,,,,,,,,,,,,,,,,,,,,,,,,,,,,,,,,,,,,56,48,-8,1,I would actually provide my gender if I could have only provided one of the pieces of info. I overlooked it earlier.
3/18/22 14:23,3/18/22 14:25,100,128,R_3QDZN7tyMRmOXca,1,2,22,male,m,5,6,1,2,,,,,66,,,,,64,,,,65,,,51,,,,,,44,,,,,,,,,65,,,,,,,,,,44,,,,,56,,,,,,,,,,,,,,,,,,42,,,,,,,,,,79,,,,,,,,,,,,,,,,,,,,,,,,,,,,,,,,,,,,,,,,,,,,,,,,,,,,,,,,,,,,,,,,,,,,,,,,,,,,,,,,,,,,,,,,,,,,,,,,,57.2,58,0.8,1,
3/18/22 14:13,3/18/22 14:25,100,691,R_tKA9khbmPPmVPYB,1,2,27,Male,m,3,3,1,1,,,,,,,,,,,,,,,,,,,,,,,,,,,,,,,,,,,,,,,,,,,,,,,,,,,,,,,,,,,,,,,,,,,,,,,,,,,,,,,,80,,,,,,,75,,,,,,50,,,70,,,,,85,,,,,,,,,,,,,,80,,,,,,,,,,,,,,75,,,,,70,,,,,,,,,,,,,,,,,,,,,,,,50,,50,,,,,,,,,,,,65,72,7,1,
3/18/22 14:19,3/18/22 14:25,100,369,R_2U4P2SU3gXOrIi5,1,2,67,m,m,2,2,1,1,,,,,,,,,,,,,,,,,,,,,,,,,,,,,,,,,,,,,,,,,,,,,,,,,,,,,,,,,,,,,,,,,,,,,,,,,,,,,,,,72,,,,,,85,,,,,,,,81,,,,94,,,72,,,,,,,,,,,,,,55,,,,,,,,,,,91,,,,,,,,,,,,,,,,97,,,,,,,,,,,,97,,,,,81,,,,,,,,,,,,,84.2,80.8,-3.4,1,
3/18/22 14:16,3/18/22 14:25,100,524,R_bvCR2eBFdZA7ggF,1,2,41,male,m,4,6,1,2,,,,,50,,,,,50,,,80,,,65,,,,,,,0,,,,,15,,,,,,,,,,,,,,,,,,90,,,,,,,,,,60,,,,,,35,,,,,,,,,,35,,,,,,,,,,,,,,,,,,,,,,,,,,,,,,,,,,,,,,,,,,,,,,,,,,,,,,,,,,,,,,,,,,,,,,,,,,,,,,,,,,,,,,,,,,,,,,,,,,,,47,49,2,1,"While I like bipartisan appeals, there's a thin line between empty general pandering and issue-specific actionable cooperation."
3/18/22 14:20,3/18/22 14:25,100,307,R_YS1RDFa2je08N7X,1,2,24,male,m,3,4,1,1,,,,,,,,,,,,,,,,,,,,,,,,,,,,,,,,,,,,,,,,,,,,,,,,,,,,,,,,,,,,,,,,,,,,,,,,,,,,,,,,,,,50,,,,60,,,,,,,50,,30,,,,,,,,,,40,50,,,,,,,,,,,,,,,,,,,,,40,,,,,,,,,50,,,,,,,,,,,,,,,,,40,,,,,,,40,,,,,,,,,,,44,46,2,1,
3/18/22 14:18,3/18/22 14:25,100,448,R_1DwMeyZgpjNux3H,1,2,36,male,m,3,4,2,1,,,,,,,,,,,,,,,,,,,,,,,,,,,,,,,,,,,,,,,,,,,,,,,,,,,,,,,,,,,,,,,,,,,,,,,,,,,,,,,,,,46,,,30,,,,,,83,,,,,,,,,68,,57,,,,,,47,,,,,,,,,,,,,,,,,,,,,21,,,,,,,,,,,,74,,,,,,,,,,,,,,,,80,,,,,,,,,,27,,,,,49.8,56.8,7,1,
3/18/22 14:23,3/18/22 14:27,100,216,R_3ha2gNX3QqrjE2K,1,2,19,Female,f,4,5,2,1,,55,,,,86,,,,,,,,,75,,,,50,,,85,,,,,,,,,,,,,,29,,,,,,,,,,51,,18,,,,,,,,,,,,,,,,,,,44,,,,,,,,,,,19,,,,,,,,,,,,,,,,,,,,,,,,,,,,,,,,,,,,,,,,,,,,,,,,,,,,,,,,,,,,,,,,,,,,,,,,,,,,,,,,,,,,,,,,,,,,,,32.2,70.2,38,1,none
3/18/22 14:22,3/18/22 14:27,100,317,R_2Xily7xDTDikNxx,1,2,35,Male,m,3,2,2,1,,,,,,,,,,,,,,,,,,,,,,,,,,,,,,,,,,,,,,,,,,,,,,,,,,,,,,,,,,,,,,,,,,,,,,,,,,,,,,,65,,,,,,,71,,,,,,,,,68,,50,,,,,,,48,,,,,,,,,84,,,,,,,,,,,,,,50,,,,,,,52,,,,,,,,,,,,,,,,52,,,,,,,,,,,,,,,,,,,50,,,57.6,60.4,2.8,1,
3/18/22 14:21,3/18/22 14:28,100,375,R_8wb23louUQRQ2C5,1,2,26,Male,m,2,2,1,2,,,,,,,,,,,,,,,,,,,,,,,,,,,,,,,,,,,,,,,,,,,,,,,,,,,,,,,,,,,,,,,,,,,,,,,,,,,,,,,,,,,,20,,,,,86,,60,,,,,,80,,,,,,77,,,,,,,,,30,,,,,,,,,,,,,,,,,,34,,,,,,,,83,,,,,,,,,,,77,,,,,,,,,,,,,,24,,,,,,,,,49.6,64.6,15,1,
3/18/22 14:16,3/18/22 14:28,100,712,R_XgBXkN3xC5qAolr,1,2,72,male,m,1,1,1,2,,,,,,,,,,,,,,,,,,,,,,,,,,,,,,,,,,,,,,,,,,,,,,,,,,,,,,,,,,,,,,,,,,,,,,,,,,,,,,,90,,,,,,,,,85,,95,,,,,,,,,80,,,,,,85,,,,,95,,,,,,,,,,,,,95,,,,,,,,,,95,,,,,,,,,,,,,,,,,,,,95,,,,,,,,,,,,,,95,,,,,95,87,-8,1,
3/18/22 14:20,3/18/22 14:29,100,533,R_3GfXC9FAXng10bo,1,2,45,male,m,3,3,1,2,,,,,,,,,,,,,,,,,,,,,,,,,,,,,,,,,,,,,,,,,,,,,,,,,,,,,,,,,,,,,,,,,,,,,,,,,,,,,,,,,,75,,,,90,,,,95,,,,,,,,,20,,50,,,,,,,,80,,,,,,,,,,,,,,,,,60,,,,,,,,,85,,,,,,,,,,,,,,,,,95,,,,,,,,,,,,,,100,,,,,,84,66,-18,1,Thank You
3/18/22 14:24,3/18/22 14:29,100,267,R_1nUS6qWvIwcPAs5,1,2,22,male,m,2,2,1,2,,,,,,,,,,,,,,,,,,,,,,,,,,,,,,,,,,,,,,,,,,,,,,,,,,,,,,,,,,,,,,,,,,,,,,,,,,,,,,,,,46,,,,46,,,,,,46,,,,,45,,,,,,,,45,,,,,,,,,,,,38,,,,,,,39,,,,,,,,,,,,,,,,,,,,,37,,,,38,,,,,,,,,,,31,,,,,,,,,,,,,36.6,45.6,9,1,
3/18/22 14:15,3/18/22 14:30,100,877,R_2qDEKOpiuhzgE7E,1,1,,,,,,,,,,,,,,,,,,,,,,,,,,,,,,,,,,,,,,,,,,,,,,,,,,,,,,,,,,,,,,,,,,,,,,,,,,,,,,,,,,,,,,,,,,,,,,,,,,,,,,,,,,,,,,,,,,,,,,,,,,,,,,,,,,,,,,,,,,,,,,,,,,,,,,,,,,,,,,,,,,,,,,,,,,,,,,,,,,,,,,,
3/18/22 14:30,3/18/22 14:36,100,325,R_2QYtZfmPBu6RrFk,1,2,46,male,m,4,4,1,3,,,100,,,,95,,,,83,,,,,,,82,,,,,,,87,,,,,,,,27,,,,,,,,,,91,,,,,,,,,,100,,,,,,,,92,,,,,,,,,,,,,91,,,,,,,,,,,,,,,,,,,,,,,,,,,,,,,,,,,,,,,,,,,,,,,,,,,,,,,,,,,,,,,,,,,,,,,,,,,,,,,,,,,,,,,,,,,,,,,,,,80.2,89.4,9.2,1,
3/18/22 14:29,3/18/22 14:39,100,606,R_2QnUXsTXnBQiBc0,1,2,57,Female ,f,5,6,1,2,,,43,,,,,85,,,,,59,,,,,,,62,,,,80,,91,,,,,,,,,,,70,,,,,,,,,,,,86,,,,,,,,,,,,,,,94,,,,,78,,,,,,,,,,,,,,,,,,,,,,,,,,,,,,,,,,,,,,,,,,,,,,,,,,,,,,,,,,,,,,,,,,,,,,,,,,,,,,,,,,,,,,,,,,,,,,,,,,,,,,,83.8,65.8,-18,1,
3/18/22 14:32,3/18/22 14:41,100,522,R_DBqUZXeLqgZtVQd,1,2,58,female,f,5,6,2,1,100,,,,,90,,,,,,,,,75,90,,,,,,,,,81,,,,,95,,,,,,,,,,100,,,,,,,,,,,76,,,,,,,,,,,,76,,,,,,,,,,,,,,86,,,,,,,,,,,,,,,,,,,,,,,,,,,,,,,,,,,,,,,,,,,,,,,,,,,,,,,,,,,,,,,,,,,,,,,,,,,,,,,,,,,,,,,,,,,,,,,86.6,87.2,0.6,1,
3/18/22 14:34,3/18/22 14:42,100,455,R_3k0xLXb4CR5nddP,1,2,42,Male,m,1,1,1,1,,,,,,,,,,,,,,,,,,,,,,,,,,,,,,,,,,,,,,,,,,,,,,,,,,,,,,,,,,,,,,,,,,,,,,,,,,,,,,,,,75,,,,,,,75,,95,,,,,,,,,,75,,,,,,85,,,,,,,,,,,85,,,60,,,,,,,,,,,,,,,,,,,,,,,,,95,,,,,,,,,,,80,,,,,,,,95,,,,,,,,83,81,-2,1,
3/18/22 14:30,3/18/22 14:42,100,749,R_27rErHPsCCJchhW,1,2,48,female,f,5,6,1,2,,,,50,,,58,,,,49,,,,,64,,,,,,32,,,,,,,,,28,,,,,,,,,,,,,,57,,,,,,,,,10,,,,,,,,,,,,71,,,,,,,10,,,,,,,,,,,,,,,,,,,,,,,,,,,,,,,,,,,,,,,,,,,,,,,,,,,,,,,,,,,,,,,,,,,,,,,,,,,,,,,,,,,,,,,,,,,,,,,,,,,35.2,50.6,15.4,1,
3/18/22 14:42,3/18/22 14:42,100,42,R_ROKKZZaGh2T9ZGF,1,1,,,,,,,,,,,,,,,,,,,,,,,,,,,,,,,,,,,,,,,,,,,,,,,,,,,,,,,,,,,,,,,,,,,,,,,,,,,,,,,,,,,,,,,,,,,,,,,,,,,,,,,,,,,,,,,,,,,,,,,,,,,,,,,,,,,,,,,,,,,,,,,,,,,,,,,,,,,,,,,,,,,,,,,,,,,,,,,,,,,,,,,
3/18/22 14:42,3/18/22 14:43,100,37,R_9XBlFTTyxI3QDPH,1,1,,,,,,,,,,,,,,,,,,,,,,,,,,,,,,,,,,,,,,,,,,,,,,,,,,,,,,,,,,,,,,,,,,,,,,,,,,,,,,,,,,,,,,,,,,,,,,,,,,,,,,,,,,,,,,,,,,,,,,,,,,,,,,,,,,,,,,,,,,,,,,,,,,,,,,,,,,,,,,,,,,,,,,,,,,,,,,,,,,,,,,,
3/18/22 14:36,3/18/22 14:44,100,462,R_1IQNh2Lubxt0r8g,1,2,31,Male,m,2,1,1,2,,,,,,,,,,,,,,,,,,,,,,,,,,,,,,,,,,,,,,,,,,,,,,,,,,,,,,,,,,,,,,,,,,,,,,,,,,,,,,,,,,,,,,,,,70,,,,76,,,,,74,,,,0,,,,,,,,,,,,74,,,,,,,,,,,,,,,,,,74,,,,,,,,74,,,,,,,,,,,,,71,,,,,,,,,,,,,,,71,,,,72.8,55,-17.8,1,
3/18/22 14:38,3/18/22 14:44,100,317,R_3pnxCcNfvrYOKwq,1,2,56,male,m,6,6,2,1,,,,,100,,,,0,,,,,100,,,,,,100,80,,,,,,,,,,,,,100,,,,100,,,,,,,,,,,,,,,,,99,,,,,100,,,,,,,,,,100,,,,,,,,,,,,,,,,,,,,,,,,,,,,,,,,,,,,,,,,,,,,,,,,,,,,,,,,,,,,,,,,,,,,,,,,,,,,,,,,,,,,,,,,,,,,,,,,,,,,,,99.8,76,-23.8,1,
3/18/22 14:42,3/18/22 14:44,100,98,R_3qpz3ovBNMrZHjL,1,1,,,,,,,,,,,,,,,,,,,,,,,,,,,,,,,,,,,,,,,,,,,,,,,,,,,,,,,,,,,,,,,,,,,,,,,,,,,,,,,,,,,,,,,,,,,,,,,,,,,,,,,,,,,,,,,,,,,,,,,,,,,,,,,,,,,,,,,,,,,,,,,,,,,,,,,,,,,,,,,,,,,,,,,,,,,,,,,,,,,,,,,
3/18/22 14:44,3/18/22 14:45,100,68,R_4UUqnkfjWRCQSad,1,1,,,,,,,,,,,,,,,,,,,,,,,,,,,,,,,,,,,,,,,,,,,,,,,,,,,,,,,,,,,,,,,,,,,,,,,,,,,,,,,,,,,,,,,,,,,,,,,,,,,,,,,,,,,,,,,,,,,,,,,,,,,,,,,,,,,,,,,,,,,,,,,,,,,,,,,,,,,,,,,,,,,,,,,,,,,,,,,,,,,,,,,
3/18/22 14:34,3/18/22 14:45,100,654,R_2uVZgno8oIbQb47,1,2,31,Male,m,2,2,1,2,,,,,,,,,,,,,,,,,,,,,,,,,,,,,,,,,,,,,,,,,,,,,,,,,,,,,,,,,,,,,,,,,,,,,,,,,,,,,,,,,,,,65,,,,70,,,,,,75,,,,,60,,80,,,,,,,,,80,,,,,,,,,,,,,,,85,,,,,,,,,,,,,,,,,,90,,,,,,,,,,,,70,,,,,,,,,,,,,,,,75,80,70,-10,1,It was a fun and interesting survey that had a good variety of tweets that I have not seen before.
3/18/22 14:26,3/18/22 14:45,100,1155,R_3JaxBCsRqTXd7ot,1,2,33,Male,m,2,2,1,3,,,,,,,,,,,,,,,,,,,,,,,,,,,,,,,,,,,,,,,,,,,,,,,,,,,,,,,,,,,,,,,,,,,,,,,,,,,,,,,,100,,,,,,,81,,,91,,,,,,,,91,,,,,,,,30,,,,,,,,,,,,99,,,,100,,,,,,,,,,,71,,,,,,,,,,,,,82,,,,,,,,,,,,,,,,,,,100,,,,,,,90.4,78.6,-11.8,1,
3/18/22 14:37,3/18/22 14:47,100,560,R_3p0c185PaDBcDBG,1,2,46,male,m,1,1,1,1,,,,,,,,,,,,,,,,,,,,,,,,,,,,,,,,,,,,,,,,,,,,,,,,,,,,,,,,,,,,,,,,,,,,,,,,,,,,,,,100,,,,,,100,,,,,,,,,100,,,,,50,,,,,,50,,100,,,,,,,,,,,,,,100,,,,,,,,,,,,,,,100,,,,,,,,,,,100,,,,,,,,,,,,,,,100,,,,,,,,,,100,80,-20,1,
3/18/22 14:38,3/18/22 14:48,100,607,R_27qxxFafHmxt1Ys,1,2,36,Man,m,3,4,2,1,,,,,,,,,,,,,,,,,,,,,,,,,,,,,,,,,,,,,,,,,,,,,,,,,,,,,,,,,,,,,,,,,,,,,,,,,,,,,,,,,,,61,,,,,,50,,50,,,,,,,,,60,,,,,,40,,,,,40,,,,,,,,,,,,,60,,,,,,,,,,,,,,,40,,,,,,,,,,,,50,,,,,,,,,,,,,,,,,,,40,,46,52.2,6.2,1,
3/18/22 14:40,3/18/22 14:48,100,496,R_3qst2USOGXEJwVc,1,2,56,Male,m,3,3,1,1,,,,,,,,,,,,,,,,,,,,,,,,,,,,,,,,,,,,,,,,,,,,,,,,,,,,,,,,,,,,,,,,,,,,,,,,,,,,,,,,80,,,,,,,50,,,,65,,,,,,50,,,,,,75,,,,,,,,,,,,,,,,50,,,,,,,,,,,,45,,,,,,,,,,,71,,,,,,,,,,,,,,,,55,,55,,,,,,,,,,,,55.2,64,8.8,1,
3/18/22 14:44,3/18/22 14:49,100,309,R_32WtpAu7XKlTPxI,1,2,51,Male,m,4,4,1,1,65,,,,,,,57,,,,71,,,,,65,,,,,,,65,,,,,,,,,,,40,,,,,,40,,,,,,,,,,,,,,,,41,,50,,,,,,,,,,43,,,,,,,,,,,,,,,,,,,,,,,,,,,,,,,,,,,,,,,,,,,,,,,,,,,,,,,,,,,,,,,,,,,,,,,,,,,,,,,,,,,,,,,,,,,,,,,,,,,,,,,42.8,64.6,21.8,1,
3/18/22 14:45,3/18/22 14:49,100,246,R_2w5kju807T2Y3ki,1,2,46,female,f,5,6,1,1,,,,31,,,,85,,,,,55,,,,,16,,,,,99,,,,,,,,,,,,73,,,,100,,,,,,,,,,63,,,,,,,,,,,,,87,,,,,,,,,,,,,62,,,,,,,,,,,,,,,,,,,,,,,,,,,,,,,,,,,,,,,,,,,,,,,,,,,,,,,,,,,,,,,,,,,,,,,,,,,,,,,,,,,,,,,,,,,,,,,,,77,57.2,-19.8,1,
3/18/22 14:46,3/18/22 14:50,100,211,R_2a9SyDgZqku28ls,1,2,39,male,m,6,7,1,1,,5,,,,,,,,64,,,3,,,83,,,,,,,,59,,,,,85,,,,,,,,,,,,,,,86,,,,,,,,9,,,,,,,,,,,,,,86,,,,,,,94,,,,,,,,,,,,,,,,,,,,,,,,,,,,,,,,,,,,,,,,,,,,,,,,,,,,,,,,,,,,,,,,,,,,,,,,,,,,,,,,,,,,,,,,,,,,,,,,,,,72,42.8,-29.2,1,
3/18/22 14:47,3/18/22 14:52,100,268,R_0PMrtrXjLeHzqRr,1,2,24,female,f,4,5,1,1,,73,,,,,73,,,,67,,,,,,,,72,,,71,,,,,,,,,,,48,,,,,,,,,,,,,63,,,,,,,,50,,,,,,,41,,,,,,,,,53,,,,,,,,,,,,,,,,,,,,,,,,,,,,,,,,,,,,,,,,,,,,,,,,,,,,,,,,,,,,,,,,,,,,,,,,,,,,,,,,,,,,,,,,,,,,,,,,,,,,,,51,71.2,20.2,1,
3/18/22 14:45,3/18/22 14:52,100,425,R_BDKWTu8S6NjOitz,1,2,32,Male,m,1,1,1,1,,,,,,,,,,,,,,,,,,,,,,,,,,,,,,,,,,,,,,,,,,,,,,,,,,,,,,,,,,,,,,,,,,,,,,,,,,,,,,,,,,,,60,,,,,61,,,,,,72,,60,,,,,,100,,,,,,,,,,,,,100,,,,,,100,,,,,,,,,,,53,,,,,,,,,,,,,,,,,,60,,,,,,,,,,,,,,,,,,71,,,76.8,70.6,-6.2,1,
3/18/22 14:42,3/18/22 14:52,100,614,R_2xQAczjiHqabxgj,1,2,44,Male,m,1,1,2,2,,,,,,,,,,,,,,,,,,,,,,,,,,,,,,,,,,,,,,,,,,,,,,,,,,,,,,,,,,,,,,,,,,,,,,,,,,,,,,,,,,,60,,,85,,,,,,73,,,,86,,,,,,,,,91,,,,,,,,,91,,,,,,,,,,,90,,,,,,,,,,,,,,,,,94,,,,,,,,,,76,,,,,,,,88,,,,,,,,,,,,87.8,79,-8.8,1,"Thank you for the opportunity to participate, it was interesting."
3/18/22 14:48,3/18/22 14:53,100,303,R_1eOWiXYTXb0cwXD,1,2,26,Female,f,5,6,1,1,,,,50,,,,,,55,,,,,56,,,45,,,24,,,,,24,,,,,,,,,,,,,,,26,,,,,,,,,20,,,,,,,,,,,,,,,,,25,,,,,,,4,,,,,,,,,,,,,,,,,,,,,,,,,,,,,,,,,,,,,,,,,,,,,,,,,,,,,,,,,,,,,,,,,,,,,,,,,,,,,,,,,,,,,,,,,,,,,,,,,,19.8,46,26.2,1,
3/18/22 14:45,3/18/22 14:54,100,528,R_VUqymHTZqoh6FZD,1,2,56,Female,f,5,6,1,1,,,,,50,100,,,,,,,,100,,,,,100,,,,,,50,,,,,,50,,,,,,,,,,,0,,,,,,,,,,,,,,50,,0,,,,,,,,,,,,,,,,,,,0,,,,,,,,,,,,,,,,,,,,,,,,,,,,,,,,,,,,,,,,,,,,,,,,,,,,,,,,,,,,,,,,,,,,,,,,,,,,,,,,,,,,,,,,,,,,,,,20,80,60,1,Thank you for the opportunity to take this survey. I was fully attentive and answered as honestly as I could.
3/18/22 14:54,3/18/22 14:55,100,43,R_Y4i4QWWRA9RvExr,1,1,,,,,,,,,,,,,,,,,,,,,,,,,,,,,,,,,,,,,,,,,,,,,,,,,,,,,,,,,,,,,,,,,,,,,,,,,,,,,,,,,,,,,,,,,,,,,,,,,,,,,,,,,,,,,,,,,,,,,,,,,,,,,,,,,,,,,,,,,,,,,,,,,,,,,,,,,,,,,,,,,,,,,,,,,,,,,,,,,,,,,,,
3/18/22 14:48,3/18/22 14:55,100,442,R_3EW48gUFSTjeT1s,1,2,29,male,m,5,6,2,1,81,,,,,,,,29,,,42,,,,,,,,48,,,71,,,,,,,,,81,,,,,100,,,,,,,,,,,51,,,,,,,,,,,,30,,,,,,,,,,,,,,,,,,50,,,,,,,,,,,,,,,,,,,,,,,,,,,,,,,,,,,,,,,,,,,,,,,,,,,,,,,,,,,,,,,,,,,,,,,,,,,,,,,,,,,,,,,,,,,,,,62.4,54.2,-8.2,1,
3/18/22 14:44,3/18/22 14:56,100,699,R_2EGGwTTxTlnG9JP,1,2,36,Female,f,3,3,1,2,,,,,,,,,,,,,,,,,,,,,,,,,,,,,,,,,,,,,,,,,,,,,,,,,,,,,,,,,,,,,,,,,,,,,,,,,,,,,,,,,87,,,,,71,,,,,81,,,,,,,98,,,,,,91,,,,80,,,,,,,,,,,,,,,,,,,49,,,,,,,,,,,,,,,,50,,,,,,,,,,,,77,,,,,,,,,,,95,,,,,,70.2,85.6,15.4,1,
3/18/22 14:55,3/18/22 15:00,100,269,R_6Db4qWrbSdhHdFT,1,2,36,male,m,6,7,1,2,,,67,,,,,,,95,,74,,,,,69,,,,,,,11,,,,,,,,,,,,86,,,,,,,96,,,,,,,,,,,,,,92,,,,,,,,95,,,,,,,82,,,,,,,,,,,,,,,,,,,,,,,,,,,,,,,,,,,,,,,,,,,,,,,,,,,,,,,,,,,,,,,,,,,,,,,,,,,,,,,,,,,,,,,,,,,,,,,,,,,,90.2,63.2,-27,1,
3/18/22 14:56,3/18/22 15:01,100,258,R_1OP3JhlV2yLea94,1,2,34,male,m,6,5,1,2,,69,,,,,,,0,,,,,,80,,,,,100,100,,,,,,,,,0,,,,,,,,,,,,,,100,,,,,,,,,,,100,,,,,,,,,100,,,,,,,,,,,,100,,,,,,,,,,,,,,,,,,,,,,,,,,,,,,,,,,,,,,,,,,,,,,,,,,,,,,,,,,,,,,,,,,,,,,,,,,,,,,,,,,,,,,,,,,,,,,,,80,69.8,-10.2,1,
3/18/22 14:56,3/18/22 15:02,100,383,R_0xHcNm33NUN76rT,1,2,61,Female,f,6,7,2,1,,,,,70,,,50,,,,,54,,,,70,,,,,,,,83,,,61,,,,,,,,,,,,,,,,,100,,,,,,,,100,,,,,,,,,100,,,,,,81,,,,,,,,,,,,,,,,,,,,,,,,,,,,,,,,,,,,,,,,,,,,,,,,,,,,,,,,,,,,,,,,,,,,,,,,,,,,,,,,,,,,,,,,,,,,,,,,,,,,,,,,88.4,65.4,-23,1,
3/18/22 14:57,3/18/22 15:03,100,349,R_2pPubaGB3Mk7VlD,1,2,30,Male,m,4,5,1,1,,,76,,,77,,,,,,,,75,,,,,76,,,,50,,,,82,,,,,,,,,,,,85,,,,,,,,81,,,,,,,,,,,,79,,,,,,,,,,,,86,,,,,,,,,,,,,,,,,,,,,,,,,,,,,,,,,,,,,,,,,,,,,,,,,,,,,,,,,,,,,,,,,,,,,,,,,,,,,,,,,,,,,,,,,,,,,,,,,,,,,82.6,70.8,-11.8,1,
3/18/22 15:00,3/18/22 15:06,100,330,R_ZlPzWzhO8VAvAfn,1,2,36,Male,m,6,6,1,1,,,,97,,,92,,,,92,,,,,,,91,,,,93,,,,,,,,,,,,76,,,,71,,,,,,,,,,,,,72,,,,,,,,,,,,83,,,,,,,,86,,,,,,,,,,,,,,,,,,,,,,,,,,,,,,,,,,,,,,,,,,,,,,,,,,,,,,,,,,,,,,,,,,,,,,,,,,,,,,,,,,,,,,,,,,,,,,,,,,,,,77.6,93,15.4,1,
3/18/22 15:03,3/18/22 15:11,100,471,R_PXTsb1dSH2tFMQh,1,2,49,male,m,4,5,1,1,,,1,,,,,,,1,,,,1,,,,,1,,,,,,1,1,,,,,,,,,,,,,,,,,1,,,,,,,,1,,,,,,,,,,,1,,,,,,,,,,1,,,,,,,,,,,,,,,,,,,,,,,,,,,,,,,,,,,,,,,,,,,,,,,,,,,,,,,,,,,,,,,,,,,,,,,,,,,,,,,,,,,,,,,,,,,,,,,,,,,,1,1,0,1,
3/18/22 15:04,3/18/22 15:11,100,423,R_30vFFQ0Nmd1yeIF,1,2,48,female,f,6,7,1,1,100,,,,,,,,0,,77,,,,,51,,,,,,,,56,,,,,,,,81,,,,,,,,62,,,,,,,,,,,,,96,,,,,,,,92,,,,,,,67,,,,,,,,,,,,,,,,,,,,,,,,,,,,,,,,,,,,,,,,,,,,,,,,,,,,,,,,,,,,,,,,,,,,,,,,,,,,,,,,,,,,,,,,,,,,,,,,,,,,,,,,79.6,56.8,-22.8,1,
3/18/22 15:09,3/18/22 15:13,100,267,R_29tOukraQJwcj7N,1,2,22,Female,f,6,7,1,2,65,,,,,,70,,,,,66,,,,70,,,,,,70,,,,,,,,,,,,,50,,,,,,,,,70,,,,70,,,,,,,,,,,,,,,,,,,90,,,,,,,50,,,,,,,,,,,,,,,,,,,,,,,,,,,,,,,,,,,,,,,,,,,,,,,,,,,,,,,,,,,,,,,,,,,,,,,,,,,,,,,,,,,,,,,,,,,,,,,,,,66,68.2,2.2,1,
3/18/22 15:09,3/18/22 15:14,100,300,R_3JwURagHYJhaIzi,1,2,32,female,f,5,6,2,1,,73,,,,,,58,,,,,,,53,,,,,77,50,,,,,,,,99,,,,,,,,,100,,,,,,,,,,,,,,,,73,,,,79,,,,,,,,,,,,,,,,,,81,,,,,,,,,,,,,,,,,,,,,,,,,,,,,,,,,,,,,,,,,,,,,,,,,,,,,,,,,,,,,,,,,,,,,,,,,,,,,,,,,,,,,,,,,,,,,,,,86.4,62.2,-24.2,1,
3/18/22 15:05,3/18/22 15:15,100,597,R_1GOhK1jqpd2Sd5g,1,2,45,Female,f,5,6,1,1,,,,95,,90,,,,,,,100,,,,,90,,,,,88,,,,,90,,,,,,,,,100,,,,,,,,,,80,,,,,,,,,,,,,,,,35,,,,,,,,,,,,,,,100,,,,,,,,,,,,,,,,,,,,,,,,,,,,,,,,,,,,,,,,,,,,,,,,,,,,,,,,,,,,,,,,,,,,,,,,,,,,,,,,,,,,,,,,,,,,,,81,92.6,11.6,1,
3/18/22 15:15,3/18/22 15:19,100,233,R_OIinGwY8YhhUUXn,1,2,54,male,m,4,5,1,2,,,,,76,75,,,,,,71,,,,,72,,,,73,,,,,,,,,,,,43,,,,,,,,,24,,,,,,,40,,,,,,,,,,,,,,,65,,,,,,,,,71,,,,,,,,,,,,,,,,,,,,,,,,,,,,,,,,,,,,,,,,,,,,,,,,,,,,,,,,,,,,,,,,,,,,,,,,,,,,,,,,,,,,,,,,,,,,,,,,,,,48.6,73.4,24.8,1,
3/18/22 15:21,3/18/22 15:21,100,27,R_bqoUM8KvbGGIzzH,1,1,,,,,,,,,,,,,,,,,,,,,,,,,,,,,,,,,,,,,,,,,,,,,,,,,,,,,,,,,,,,,,,,,,,,,,,,,,,,,,,,,,,,,,,,,,,,,,,,,,,,,,,,,,,,,,,,,,,,,,,,,,,,,,,,,,,,,,,,,,,,,,,,,,,,,,,,,,,,,,,,,,,,,,,,,,,,,,,,,,,,,,,
3/18/22 15:17,3/18/22 15:22,100,333,R_3kM55vvQtqDvvsN,1,2,45,female,f,6,7,1,1,,,,80,,,,80,,,,,75,,,,60,,,,,,,75,,,,,,80,,,,,,,,,,,,,,,80,,,,,,,,,,80,,,,,80,,,,,,,,,70,,,,,,,,,,,,,,,,,,,,,,,,,,,,,,,,,,,,,,,,,,,,,,,,,,,,,,,,,,,,,,,,,,,,,,,,,,,,,,,,,,,,,,,,,,,,,,,,,,,,,,,78,74,-4,1,
3/18/22 15:21,3/18/22 15:25,100,239,R_2PoFIedRHwjGsE8,1,2,33,male,m,5,6,2,1,,,81,,,,,,66,,75,,,,,83,,,,,,70,,,,,,,,,81,,,,,,,,,,71,,,,,,,,,75,,,,,,,,,,,,,,,72,,,,,,,,,,82,,,,,,,,,,,,,,,,,,,,,,,,,,,,,,,,,,,,,,,,,,,,,,,,,,,,,,,,,,,,,,,,,,,,,,,,,,,,,,,,,,,,,,,,,,,,,,,,,76.2,75,-1.2,1,
3/18/22 15:22,3/18/22 15:27,100,273,R_2DV5X3E7zLWhdHg,1,2,47,female,f,5,6,1,2,,,,,61,,,,,76,,,,,76,,,,,65,,,,,65,,80,,,,,,,,,,,,,,,,,,,86,,,,,,,,,,87,,,,,,,,,,87,,,,,,,,,,,84,,,,,,,,,,,,,,,,,,,,,,,,,,,,,,,,,,,,,,,,,,,,,,,,,,,,,,,,,,,,,,,,,,,,,,,,,,,,,,,,,,,,,,,,,,,,,,,84.8,68.6,-16.2,1,no comments
3/18/22 15:26,3/18/22 15:31,100,279,R_2rINAtk1ANdpPEO,1,2,41,male,m,4,5,2,1,78,,,,,,,86,,,,,,80,,,,92,,,,87,,,,,,,,,,,,,,75,,,,61,,,,,,,,,,,,66,,,,,,,,,75,,,,,,,,,78,,,,,,,,,,,,,,,,,,,,,,,,,,,,,,,,,,,,,,,,,,,,,,,,,,,,,,,,,,,,,,,,,,,,,,,,,,,,,,,,,,,,,,,,,,,,,,,,,,,,,,71,84.6,13.6,1,
3/18/22 15:25,3/18/22 15:31,100,362,R_3rOGeckrFIVNrhY,1,2,36,Male,m,4,5,1,1,,45,,,,,90,,,,,,,70,,,,,40,,,,40,,,,,,,,,,,50,,,,,30,,,,,,,,,,,,,,,,,,25,,20,,,,,,,,,,,,,,,,,,,0,,,,,,,,,,,,,,,,,,,,,,,,,,,,,,,,,,,,,,,,,,,,,,,,,,,,,,,,,,,,,,,,,,,,,,,,,,,,,,,,,,,,,,,,,,,,,,25,57,32,1,
3/18/22 15:25,3/18/22 15:38,100,791,R_1low1G5BpuTfK0b,1,2,29,Male,m,4,4,2,1,,,,51,,,,,20,,51,,,,,,51,,,,,,40,,,20,,,,,,,,,,,,30,,,,,,,,,,,,,,,,19,,,,,,,,,,,30,,,,,,,,,19,,,,,,,,,,,,,,,,,,,,,,,,,,,,,,,,,,,,,,,,,,,,,,,,,,,,,,,,,,,,,,,,,,,,,,,,,,,,,,,,,,,,,,,,,,,,,,,,,,23.6,42.6,19,1,
3/18/22 15:32,3/18/22 15:39,100,421,R_12PZcUo6Ji9us0e,1,2,53,Female,f,5,6,1,1,,72,,,,,,,,85,,,80,,,83,,,,,,,,70,,,,,,70,,,,,,,,,,,,,66,,,,,,,,62,,,,,,,,,,,,,,,,71,,70,,,,,,,,,,,,,,,,,,,,,,,,,,,,,,,,,,,,,,,,,,,,,,,,,,,,,,,,,,,,,,,,,,,,,,,,,,,,,,,,,,,,,,,,,,,,,,,,,,,,,,,67.8,78,10.2,1,
3/18/22 15:39,3/18/22 15:52,100,776,R_3qU01lFAxXPpyYF,1,1,,,,,,,,,,,,,,,,,,,,,,,,,,,,,,,,,,,,,,,,,,,,,,,,,,,,,,,,,,,,,,,,,,,,,,,,,,,,,,,,,,,,,,,,,,,,,,,,,,,,,,,,,,,,,,,,,,,,,,,,,,,,,,,,,,,,,,,,,,,,,,,,,,,,,,,,,,,,,,,,,,,,,,,,,,,,,,,,,,,,,,,
3/18/22 15:49,3/18/22 15:57,100,491,R_3sc6lqjUjlDTIpl,1,2,40,Male,m,6,7,1,1,0,,,,,8,,,,,,9,,,,,,,100,,0,,,,,,,,100,,,,,,,,,,,,,,,,,100,,,3,,,,,,,,,,,,,100,,,,,,,,,,,100,,,,,,,,,,,,,,,,,,,,,,,,,,,,,,,,,,,,,,,,,,,,,,,,,,,,,,,,,,,,,,,,,,,,,,,,,,,,,,,,,,,,,,,,,,,,,,,,,,,80.6,23.4,-57.2,1,
3/18/22 15:52,3/18/22 16:01,100,504,R_7OhYsf7fs6ErR4Z,1,2,35,Male,m,4,4,1,2,,,84,,,,65,,,,,,,,68,,,77,,,,,,,77,,,,,,57,,,,,,,,,,,,,,72,,,,,,,,,,,47,,,,,,,,71,,,,,,,51,,,,,,,,,,,,,,,,,,,,,,,,,,,,,,,,,,,,,,,,,,,,,,,,,,,,,,,,,,,,,,,,,,,,,,,,,,,,,,,,,,,,,,,,,,,,,,,,,,,,,59.6,74.2,14.6,1,Thanks for all you do
3/18/22 16:03,3/18/22 16:03,100,19,R_eVBE3bNh5BqLM9X,1,1,,,,,,,,,,,,,,,,,,,,,,,,,,,,,,,,,,,,,,,,,,,,,,,,,,,,,,,,,,,,,,,,,,,,,,,,,,,,,,,,,,,,,,,,,,,,,,,,,,,,,,,,,,,,,,,,,,,,,,,,,,,,,,,,,,,,,,,,,,,,,,,,,,,,,,,,,,,,,,,,,,,,,,,,,,,,,,,,,,,,,,,
3/18/22 16:04,3/18/22 16:04,100,24,R_3gLWw6vaJltticA,1,1,,,,,,,,,,,,,,,,,,,,,,,,,,,,,,,,,,,,,,,,,,,,,,,,,,,,,,,,,,,,,,,,,,,,,,,,,,,,,,,,,,,,,,,,,,,,,,,,,,,,,,,,,,,,,,,,,,,,,,,,,,,,,,,,,,,,,,,,,,,,,,,,,,,,,,,,,,,,,,,,,,,,,,,,,,,,,,,,,,,,,,,
3/18/22 15:58,3/18/22 16:06,100,470,R_2B573ylJipxxHlG,1,2,58,female,f,6,7,1,3,,,,,40,100,,,,,,,,,28,,,,,70,,50,,,,,,,,,,,,100,,,100,,,,,,,,,,,,,100,,,,,,,,,,,,,100,,,,,,,,,,,,,91,,,,,,,,,,,,,,,,,,,,,,,,,,,,,,,,,,,,,,,,,,,,,,,,,,,,,,,,,,,,,,,,,,,,,,,,,,,,,,,,,,,,,,,,,,,,,,,,98.2,57.6,-40.6,1,Interesting survey
3/18/22 16:03,3/18/22 16:06,100,174,R_3eyHb9Zsq9CmAsy,1,2,26,male,m,5,6,1,1,,,60,,,,,50,,,,,60,,,,,,60,,,,,,50,,,,,,,50,,,,,,,,,,,,50,,,,50,,,,,,,,,,,50,,,,,,,,,,,,,50,,,,,,,,,,,,,,,,,,,,,,,,,,,,,,,,,,,,,,,,,,,,,,,,,,,,,,,,,,,,,,,,,,,,,,,,,,,,,,,,,,,,,,,,,,,,,,,,,,,,50,56,6,1,
3/18/22 16:04,3/18/22 16:07,100,183,R_1GIdOwhAkvH5GL9,1,2,24,male,m,4,4,1,2,,,,65,,,,,93,,77,,,,,,,,,59,,,7,,,,,49,,,,,,,,,,,74,,,,,,,,,,,,,,,,47,,,,,,,,,,,83,,,,59,,,,,,,,,,,,,,,,,,,,,,,,,,,,,,,,,,,,,,,,,,,,,,,,,,,,,,,,,,,,,,,,,,,,,,,,,,,,,,,,,,,,,,,,,,,,,,,,,,,,,,62.4,60.2,-2.2,1,
3/18/22 15:53,3/18/22 16:11,100,1054,R_1dzwyFxQTBfr8XG,1,1,,,,,,,,,,,,,,,,,,,,,,,,,,,,,,,,,,,,,,,,,,,,,,,,,,,,,,,,,,,,,,,,,,,,,,,,,,,,,,,,,,,,,,,,,,,,,,,,,,,,,,,,,,,,,,,,,,,,,,,,,,,,,,,,,,,,,,,,,,,,,,,,,,,,,,,,,,,,,,,,,,,,,,,,,,,,,,,,,,,,,,,
3/18/22 16:04,3/18/22 16:14,100,568,R_0wUPO1QWzylOFzj,1,2,62,male,m,5,6,1,1,,,,,60,,80,,,,,80,,,,,70,,,,50,,,,,,75,,,,,,,,,,,,,,65,,,,,,,,,,,,75,,,,,60,,,,,,,,,,,,,,,,,,,65,,,,,,,,,,,,,,,,,,,,,,,,,,,,,,,,,,,,,,,,,,,,,,,,,,,,,,,,,,,,,,,,,,,,,,,,,,,,,,,,,,,,,,,,,,,,,,,68,68,0,1,
3/18/22 16:22,3/18/22 16:27,100,310,R_2YyRYWfrQkEhlWp,1,2,37,male,m,4,5,2,1,83,,,,,,,,,72,,,,75,,68,,,,,,,,76,,,,,,,,,,,37,,,,,40,,,,,,,,,,,,48,,,,,,,,30,,,,,,,,,,,,,,,31,,,,,,,,,,,,,,,,,,,,,,,,,,,,,,,,,,,,,,,,,,,,,,,,,,,,,,,,,,,,,,,,,,,,,,,,,,,,,,,,,,,,,,,,,,,,,,,,,37.2,74.8,37.6,1,
3/18/22 16:26,3/18/22 16:31,100,292,R_cYJhVPaR0gLwM5b,1,2,23,Female,f,6,7,1,2,,81,,,,,70,,,,,,10,,,20,,,,,,,,20,,,,,,,,,50,,,,,,,,,,,71,,,7,,,,,,,,,,,,,,,,,,81,,,,,50,,,,,,,,,,,,,,,,,,,,,,,,,,,,,,,,,,,,,,,,,,,,,,,,,,,,,,,,,,,,,,,,,,,,,,,,,,,,,,,,,,,,,,,,,,,,,,,,,,,,,,51.8,40.2,-11.6,1,
3/18/22 16:27,3/18/22 16:31,100,229,R_3FIIpbKVd6zo3oB,1,2,30,Male,m,4,7,2,1,,,59,,,29,,,,,58,,,,,,,67,,,40,,,,,,,,,,,,,,,22,,,,,,100,,,,,,,,,,,,,,,52,,,,,100,,,,,,51,,,,,,,,,,,,,,,,,,,,,,,,,,,,,,,,,,,,,,,,,,,,,,,,,,,,,,,,,,,,,,,,,,,,,,,,,,,,,,,,,,,,,,,,,,,,,,,,,,,,,,,,65,50.6,-14.4,1,
3/18/22 16:39,3/18/22 16:43,100,264,R_2CQw7CzJQqJrQYi,1,2,40,Female,f,6,7,1,1,75,,,,,,,100,,,,50,,,,,,,,90,,100,,,,,,,,100,,,,,,,,,,,,,100,,,,,,,,,,100,,,,,,,,,,,100,,,,,,,,,,,100,,,,,,,,,,,,,,,,,,,,,,,,,,,,,,,,,,,,,,,,,,,,,,,,,,,,,,,,,,,,,,,,,,,,,,,,,,,,,,,,,,,,,,,,,,,,,,,,,100,83,-17,1,
3/18/22 16:46,3/18/22 16:50,100,239,R_1hzreh1gM24BZ6N,1,2,40,female,f,6,6,1,2,,,,20,,,,,0,,,,,,41,,,40,,,,,64,,,,,,,,,,71,,,,100,,,,,,,,,,,,,,,,,,100,,,70,,,,,,,,,,,,,,,,,,70,,,,,,,,,,,,,,,,,,,,,,,,,,,,,,,,,,,,,,,,,,,,,,,,,,,,,,,,,,,,,,,,,,,,,,,,,,,,,,,,,,,,,,,,,,,,,,,,82.2,33,-49.2,1,
3/18/22 16:46,3/18/22 16:52,100,349,R_3JlQtfKjKCXjAE2,1,2,58,Male,m,4,5,2,1,,,,,82,,,,,81,,,,75,,,73,,,,,,,,70,68,,,,,,,,,,,,,69,,,,,,,,,,,,,,,65,,,,,,53,,,,,,,,,,,,,,,,,60,,,,,,,,,,,,,,,,,,,,,,,,,,,,,,,,,,,,,,,,,,,,,,,,,,,,,,,,,,,,,,,,,,,,,,,,,,,,,,,,,,,,,,,,,,,,,,,63,76.2,13.2,1,
3/18/22 16:56,3/18/22 17:01,100,282,R_8bP7PwuMHWGUrM5,1,2,30,male,m,4,5,1,1,,,,,46,,64,,,,,,,84,,64,,,,,,,,72,,,,,,,,,,,29,,,,,,,,,,,46,83,,,,,,,,,,,,43,,,,,,,,,57,,,,,,,,,,,,,,,,,,,,,,,,,,,,,,,,,,,,,,,,,,,,,,,,,,,,,,,,,,,,,,,,,,,,,,,,,,,,,,,,,,,,,,,,,,,,,,,,,,,,,,,,51.6,66,14.4,1,
3/18/22 16:56,3/18/22 17:02,100,331,R_W07BhXK2KmrhrFL,1,2,38,male,m,6,7,1,1,,94,,,,,,96,,,85,,,,,,,,86,,,97,,,,,,,96,,,,,,,,,,,,85,,,,,,,,,,,,,,,,95,,,,,,81,,,,,,,,,,,,,,,95,,,,,,,,,,,,,,,,,,,,,,,,,,,,,,,,,,,,,,,,,,,,,,,,,,,,,,,,,,,,,,,,,,,,,,,,,,,,,,,,,,,,,,,,,,,,,,90.4,91.6,1.2,1,
3/18/22 16:57,3/18/22 17:03,100,361,R_2rIXAqcJTEgsQE4,1,2,34,Male ,m,5,5,2,1,,,,75,,69,,,,,,,,,84,,,,55,,,,54,,,,,,,,,65,,,,,,,,57,,,,,,,,,,65,,,,,,,,,,,55,,,,,,,,,,,66,,,,,,,,,,,,,,,,,,,,,,,,,,,,,,,,,,,,,,,,,,,,,,,,,,,,,,,,,,,,,,,,,,,,,,,,,,,,,,,,,,,,,,,,,,,,,,,,,,,,61.6,67.4,5.8,1,
3/18/22 16:59,3/18/22 17:03,100,281,R_3fQc9Ttfz9w6lC1,1,2,27,Male,m,6,6,2,1,,,28,,,,,,0,,,,82,,,,72,,,,49,,,,,,,,,,0,,,,,,,,,,,0,,,,,,,,,,61,,,,,,,,,,,,,,,0,,,,,,,51,,,,,,,,,,,,,,,,,,,,,,,,,,,,,,,,,,,,,,,,,,,,,,,,,,,,,,,,,,,,,,,,,,,,,,,,,,,,,,,,,,,,,,,,,,,,,,,,,,22.4,46.2,23.8,1,
3/18/22 17:05,3/18/22 17:09,100,244,R_2U64yEEzR60j3xf,1,2,28,male,m,6,7,1,3,30,,,,,,,,,63,,33,,,,,,,,61,,,,,0,,,,,,,,,80,,,,,,,,,,,100,,,,,,63,,,,,,,,,,,,,,,100,,,,,52,,,,,,,,,,,,,,,,,,,,,,,,,,,,,,,,,,,,,,,,,,,,,,,,,,,,,,,,,,,,,,,,,,,,,,,,,,,,,,,,,,,,,,,,,,,,,,,,,,,,,79,37.4,-41.6,1,none
3/18/22 17:04,3/18/22 17:10,100,361,R_1QJyQZASkdYc4Tl,1,1,,,,,,,,,,,,,,,,,,,,,,,,,,,,,,,,,,,,,,,,,,,,,,,,,,,,,,,,,,,,,,,,,,,,,,,,,,,,,,,,,,,,,,,,,,,,,,,,,,,,,,,,,,,,,,,,,,,,,,,,,,,,,,,,,,,,,,,,,,,,,,,,,,,,,,,,,,,,,,,,,,,,,,,,,,,,,,,,,,,,,,,
3/18/22 17:09,3/18/22 17:12,100,194,R_3NCJPTQCEfSvK2N,1,2,23,Male,m,4,5,1,1,,100,,,,,,,,100,,,100,,,,,100,,,50,,,,,,60,,,,,,,,,,,100,,,,,,,,,,0,,,,,,,,,,,,,,,52,,,,,,,,,,0,,,,,,,,,,,,,,,,,,,,,,,,,,,,,,,,,,,,,,,,,,,,,,,,,,,,,,,,,,,,,,,,,,,,,,,,,,,,,,,,,,,,,,,,,,,,,,,,,,,42.4,90,47.6,1,
3/18/22 17:09,3/18/22 17:14,100,334,R_32YgO29PK2Dx5NS,1,2,54,female,f,4,7,1,1,,49,,,,,,59,,,,,,57,,,,81,,,,80,,,,,,51,,,,,,,,,100,,,,,,,,,,,,,,,,,,,81,,,,,56,,,,,,,,85,,,,,,,,,,,,,,,,,,,,,,,,,,,,,,,,,,,,,,,,,,,,,,,,,,,,,,,,,,,,,,,,,,,,,,,,,,,,,,,,,,,,,,,,,,,,,,,,,,,,,,,74.6,65.2,-9.4,1,
3/18/22 17:20,3/18/22 17:23,100,202,R_3CVm9SLXOpZzkks,1,2,25,female,f,6,7,1,1,,,,50,,,,,30,,100,,,,,50,,,,,,,100,,,,,,,,,100,,,,,,,,,,100,,,,,,71,,,,,,,,,,,,,,,,,100,,,,,,,,,,,40,,,,,,,,,,,,,,,,,,,,,,,,,,,,,,,,,,,,,,,,,,,,,,,,,,,,,,,,,,,,,,,,,,,,,,,,,,,,,,,,,,,,,,,,,,,,,,,,82.2,66,-16.2,1,
3/18/22 17:10,3/18/22 17:24,100,832,R_bCw4eU6eubPheqB,1,2,58,male,m,5,6,2,1,77,,,,,81,,,,,,,,,91,,,,,72,,,,71,,,,,,,,,,,,62,,82,,,,,,,,,,,74,,,,,,,,,80,,,,,,,,,,,81,,,,,,,,,,,,,,,,,,,,,,,,,,,,,,,,,,,,,,,,,,,,,,,,,,,,,,,,,,,,,,,,,,,,,,,,,,,,,,,,,,,,,,,,,,,,,,,,,,,,,,,75.8,78.4,2.6,1,"Your initial attention check question and is pretty tricky to answer even if you are paying attention, are you you looking extraordinarily intelligent people for your study?"
3/18/22 17:19,3/18/22 17:28,100,550,R_20Z3LmSshqrHdfq,1,2,19,female,f,5,7,2,1,,,50,,,,86,,,,,72,,,,,87,,,,,,,,55,72,,,,,,,,,,,,,,,51,,,,,,,,62,,,,,,,,,,,,,,,,,,50,75,,,,,,,,,,,,,,,,,,,,,,,,,,,,,,,,,,,,,,,,,,,,,,,,,,,,,,,,,,,,,,,,,,,,,,,,,,,,,,,,,,,,,,,,,,,,,,,,,,,,,,,,62,70,8,1,