StartDate,EndDate,Progress,Duration (in seconds),ResponseId,consent,english_check,age,gender_raw,gender,party_affil,use_twitter,interact_senator,engage_1,engage_2,engage_3,engage_4,engage_5,engage_6,engage_7,engage_8,engage_9,engage_10,engage_11,engage_12,engage_13,engage_14,engage_15,engage_16,engage_17,engage_18,engage_19,engage_20,engage_21,engage_22,engage_23,engage_24,engage_25,dismiss_26,dismiss_27,dismiss_28,dismiss_29,dismiss_30,dismiss_31,dismiss_32,dismiss_33,dismiss_34,dismiss_35,dismiss_36,dismiss_37,dismiss_38,dismiss_39,dismiss_40,dismiss_41,dismiss_42,dismiss_43,dismiss_44,dismiss_45,dismiss_46,dismiss_47,dismiss_48,dismiss_49,dismiss_50,dismiss_51,dismiss_52,dismiss_53,dismiss_54,dismiss_55,dismiss_56,dismiss_57,dismiss_58,dismiss_59,dismiss_60,dismiss_61,dismiss_62,dismiss_63,dismiss_64,dismiss_65,dismiss_66,dismiss_67,dismiss_68,dismiss_69,dismiss_70,dismiss_71,dismiss_72,dismiss_73,dismiss_74,dismiss_75,dismiss_76,dismiss_77,dismiss_78,engage_79,engage_80,engage_81,engage_82,engage_83,engage_84,engage_85,engage_86,engage_87,engage_88,engage_89,engage_90,engage_91,engage_92,engage_93,engage_94,engage_95,engage_96,engage_97,engage_98,engage_99,engage_100,engage_101,engage_102,engage_103,engage_104,engage_105,engage_106,dismiss_107,dismiss_108,dismiss_109,dismiss_110,dismiss_111,dismiss_112,dismiss_113,dismiss_114,dismiss_115,dismiss_116,dismiss_117,dismiss_118,dismiss_119,dismiss_120,dismiss_121,dismiss_122,dismiss_123,dismiss_124,dismiss_125,dismiss_126,dismiss_127,dismiss_128,dismiss_129,dismiss_130,dismiss_131,dismiss_132,dismiss_133,dismiss_134,dismiss_135,dismiss_136,dismiss_137,dismiss_138,dismiss_139,dismiss_140,dismiss_141,dismiss_142,dismiss_143,dismiss_144,dismiss_145,dismiss_146,dismiss_147,dismiss_148,dismiss_149,dismiss_150,dismiss_151,dismiss_152,dismiss_153,dismiss_154,dismiss_155,dismiss_156,dismiss_157,dismiss_158,dismiss_159,dismiss_160,dismiss_161,dismiss_162,dismiss_163,dismiss_164,dismiss_165,dismiss_166,dismiss_167,dismiss_168,dismiss_169,dismiss_170,dismiss_171,dismisses,engages,dif,quality_check
1/25/22 17:48,1/25/22 17:48,100,29,R_3FOOAFlqu4qDpKO,1,1,,,,,,,,,,,,,,,,,,,,,,,,,,,,,,,,,,,,,,,,,,,,,,,,,,,,,,,,,,,,,,,,,,,,,,,,,,,,,,,,,,,,,,,,,,,,,,,,,,,,,,,,,,,,,,,,,,,,,,,,,,,,,,,,,,,,,,,,,,,,,,,,,,,,,,,,,,,,,,,,,,,,,,,,,,,,,,,,,,,,,
1/25/22 17:55,1/25/22 18:00,100,257,R_2cbgfWRw9WvnUJc,1,2,18,Male,m,2,yes,yes once,,,,,,,,,,,,,,,,,,,,,,,,,,,,,,,,,,,,,,,,,,,,,,,,,,,,,,,,,,,,,,,,,,,,,,,,,,,,,,,,,,,,61,65,,,,,80,,,,,,,,,,58,,62,,,,,,,,50,,,,,,,,,,,,,,,,,,,,,50,,,,,,,60,,,,,,,,,,,,,,,63,,,,,,,,,,,,,,,60,,,,56.6,65.2,8.6,1
1/25/22 17:58,1/25/22 18:01,100,183,R_2CeLyUCdMEMdxa2,1,1,,,,,,,,,,,,,,,,,,,,,,,,,,,,,,,,,,,,,,,,,,,,,,,,,,,,,,,,,,,,,,,,,,,,,,,,,,,,,,,,,,,,,,,,,,,,,,,,,,,,,,,,,,,,,,,,,,,,,,,,,,,,,,,,,,,,,,,,,,,,,,,,,,,,,,,,,,,,,,,,,,,,,,,,,,,,,,,,,,,,,
1/25/22 18:04,1/25/22 18:11,100,447,R_3Puyd6YlFktLtdO,1,2,44,Female,f,3,no,no,,,,,,,,,,,,,,,,,,,,,,,,,,,,,,,,,,,,,,,,,,,,,,,,,,,,,,,,,,,,,,,,,,,,,,,,,,,,,,,,,,100,,,90,,,,,65,,,,,,,,100,,,,,,,,90,,,,,80,,,,,,,,,,,,,,,,,,87,,,,,,,,,,,,85,,,,,,,,,,,,,,,,70,,,,,,,,,100,,,,,,84.4,89,4.6,1
1/25/22 18:06,1/25/22 18:12,100,363,R_Os7V2pFpQ8I8SaJ,1,2,31,Male,m,1,no,no,,,,,,,,,,,,,,,,,,,,,,,,,,,,,,,,,,,,,,,,,,,,,,,,,,,,,,,,,,,,,,,,,,,,,,,,,,,,,,,,,,,,55,,,,,65,,,,,71,,58,,,,,,56,,,,,,,,,,,,,,71,,,,,,87,,,,,,,,,,,,,,,,,,,,,,70,,,,,,,,,,,,,,60,60,,,,,,,,,,,,,69.6,61,-8.6,1
1/25/22 18:09,1/25/22 18:13,100,256,R_1oyXCnZvRz8IEmO,1,2,29,female,f,2,yes,no,,,,,,,,,,,,,,,,,,,,,,,,,,,,,,,,,,,,,,,,,,,,,,,,,,,,,,,,,,,,,,,,,,,,,,,,,,,,,,,,,,74,,,,,65,,,68,,,,,,,,,61,,,,,,,51,,,,,,,,,,,64,,,,,,,,,,,,,,,63,,,,,,,,,,,,,70,,,,,,,,,,54,,,,,,,62,,,,,,,,,,62.6,63.8,1.2,1
1/25/22 18:07,1/25/22 18:16,100,537,R_cOrOU2lZGCNalFL,1,2,42,Female,f,1,yes,yes once,,,,,,,,,,,,,,,,,,,,,,,,,,,,,,,,,,,,,,,,,,,,,,,,,,,,,,,,,,,,,,,,,,,,,,,,,,,,,,,,,80,,,,,70,,,,,,,,,81,,69,,,,80,,,,,,,,,,,,,,9,,,,,,,,,50,,,,,,,,,,90,,,,,,,,,,,,,60,,,,,,,,,,,,,60,,,,,,,,,,,,53.8,76,22.2,1
1/25/22 18:14,1/25/22 18:18,100,220,R_3qBXmOZjFN7BwaJ,1,2,40,female,f,1,no,no,,,,,,,,,,,,,,,,,,,,,,,,,,,,,,,,,,,,,,,,,,,,,,,,,,,,,,,,,,,,,,,,,,,,,,,,,,,,,,,60,,,,,,,,90,,,,,,60,,,,,,54,,,,30,,,,,55,,,,,,,,,,,,90,,,,,,,,,,,,,90,,,,,,,,,,,,,,,,,,90,,,,,,,,,,,,95,,,,,,,,,84,58.8,-25.2,1
1/25/22 18:14,1/25/22 18:21,100,424,R_28YbcIQBrB55ki1,1,2,30,Female,f,4,yes,yes once,,,,,70,,,,,88,59,,,,,,,80,,,,,,,75,,,,,85,,,,,,,,,86,,,,,,,,,,,,,,,91,,,,,,,,95,,,,,,,52,,,,,,,,,,,,,,,,,,,,,,,,,,,,,,,,,,,,,,,,,,,,,,,,,,,,,,,,,,,,,,,,,,,,,,,,,,,,,,,,,,,,,,,,,,,,,,,,,,,,,,,81.8,74.4,-7.4,1
1/25/22 18:04,1/25/22 18:23,100,1125,R_2rhVsnRnPjl3RqR,1,2,25,male,m,2,yes,yes regularly,,,,,,,,,,,,,,,,,,,,,,,,,,,,,,,,,,,,,,,,,,,,,,,,,,,,,,,,,,,,,,,,,,,,,,,,,,,,,,,,,,,70,,,,,74,,,,60,,,,,,,,47,,,,,65,,,,,,,,,,,,,,83,,,,,44,,,,,,,,,,,83,,,,,,,,,,,,,,,,,,,,55,,,,,,,,,,,,72,,,,,67.4,63.2,-4.2,1
1/25/22 18:18,1/25/22 18:23,100,353,R_2tUo3mAjfHv2euR,1,2,23,Female,f,3,yes,yes once,,,,,,,,,,,,,,,,,,,,,,,,,,,,,,,,,,,,,,,,,,,,,,,,,,,,,,,,,,,,,,,,,,,,,,,,,,,,,,,,,,75,,,,,,,83,,,,85,,,,,94,,,,,,,91,,90,,,,,,,,,,,,,,,,,,,,88,,,,,,,,84,,,,,,,,,,,,,,,,,81,,,,,,,83,,,,,,,,,,,,,85.2,85.6,0.4,1
1/25/22 18:18,1/25/22 18:24,100,361,R_31tQwg8bebdXKh7,1,2,29,Female,f,1,no,no,,,,,,,,,,,,,,,,,,,,,,,,,,,,,,,,,,,,,,,,,,,,,,,,,,,,,,,,,,,,,,,,,,,,,,,,,,,,,,,,79,,,,,79,,,,,,55,,,,,,,,,60,,,,70,,,,,,,,,,,,61,,,,,,,,,62,,,,,,,,,,,,,,,,,91,,,,,,,,67,,,,,,,,,,,,,,,,,,,,,50,66.2,68.6,2.4,1
1/25/22 18:22,1/25/22 18:27,100,275,R_3MDqpYgMaYtTTNU,1,2,36,male,m,2,yes,no,,,,,,,,,,,,,,,,,,,,,,,,,,,,,,,,,,,,,,,,,,,,,,,,,,,,,,,,,,,,,,,,,,,,,,,,,,,,,,,,,,,,50,,,,75,,,,,,41,,50,,,,,,,,,75,,,,,,,,,,,,,,90,,,,,,,,,88,,,,,,,,,70,,,,,,,,,,,,,,,,60,,,,,,,,,,,,,,,,87,,,79,58.2,-20.8,1
1/25/22 18:24,1/25/22 18:28,100,218,R_pn72cmVhW5qn5tf,1,2,33,Female,f,2,yes,yes once,,,,,,,,,,,,,,,,,,,,,,,,,,,,,,,,,,,,,,,,,,,,,,,,,,,,,,,,,,,,,,,,,,,,,,,,,,,,,,,,,,,82,,,77,,,,,,,85,,,,,91,,,84,,,,,,,,83,,,,,,,,,,,,,,,,,,,,91,,,,,,,,,,,,68,,,,,,,,,,,,,,,81,,,,,77,,,,,,,,,,,80,83.8,3.8,1
1/25/22 18:26,1/25/22 18:29,100,180,R_268sHEBZhCDOCJj,1,2,25,female,f,2,yes,no,,,,,,,,,,,,,,,,,,,,,,,,,,,,,,,,,,,,,,,,,,,,,,,,,,,,,,,,,,,,,,,,,,,,,,,,,,,,,,,,,,,,80,,,,,70,,,,70,,,70,,,,,,,,,,71,,,,,,80,,,,,,,,,,,,,,75,,,,,,,,81,,,,,,,,,,,,,,,80,,,,,,,,,,,,,,,,,,62,,,,,75.6,72.2,-3.4,1
1/25/22 18:21,1/25/22 18:32,100,690,R_2yeVWU4cvOZ6ZJw,1,2,31,female,f,1,yes,yes once,,,,,,,,,,,,,,,,,,,,,,,,,,,,,,,,,,,,,,,,,,,,,,,,,,,,,,,,,,,,,,,,,,,,,,,,,,,,,,,,100,,,,,,,75,,,,,90,,,,,100,,,,,,80,,,,,,,,,,,77,,,,,,,,100,,,,,,,,,,,,,,,,,,,,,100,,,,,,,,,,,,,,,100,,,,,,100,,,,,,,,95.4,89,-6.4,1
1/25/22 18:22,1/25/22 18:32,100,630,R_33yuJLJI6vHQk0X,1,2,28,Female,f,1,no,no,,,,,,,,,,,,,,,,,,,,,,,,,,,,,,,,,,,,,,,,,,,,,,,,,,,,,,,,,,,,,,,,,,,,,,,,,,,,,,,,80,,,,,90,,,,,,,,75,,,,,,70,,,,,85,,,,,,,,,,,,,,80,,,90,,,,,,,,,,,,,,,,,,,85,,,,,,,,,,,,,,,,,90,,,,,,,,,,,,,70,,83,80,-3,1
1/25/22 18:28,1/25/22 18:34,100,342,R_3oLSfr6u6Ast3pM,1,2,28,female,f,1,yes,yes once,,,,,,,,,,,,,,,,,,,,,,,,,,,,,,,,,,,,,,,,,,,,,,,,,,,,,,,,,,,,,,,,,,,,,,,,,,,,,,,,,,50,,,,,,,50,,29,,,,,,29,,,,,,,,26,,,,,,,,81,,,,,,,,,,,,,,,,64,,,,,,,,,,,45,,,,,,,,,,,,,,,28,,,,,,,,,,,,,30,,,,49.6,36.8,-12.8,1
1/25/22 18:24,1/25/22 18:34,100,580,R_r8QfRfmBHF1v10R,1,2,20,female,f,4,yes,yes once,57,,,,,,16,,,,,,46,,,69,,,,,,,41,,,,,,,,,,,,,16,38,,,,,,,,,,,,,,,,,,,,36,,,50,,,,,,,,,,,,,,,17,,,,,,,,,,,,,,,,,,,,,,,,,,,,,,,,,,,,,,,,,,,,,,,,,,,,,,,,,,,,,,,,,,,,,,,,,,,,,,,,,,,,,,,,,,,,,,,,,31.4,45.8,14.4,1
1/25/22 18:27,1/25/22 18:35,100,463,R_2CDpFx5j3wPGJCH,1,2,41,Female,f,6,yes,no,,,,50,,50,,,,,,,,48,,,,,55,,83,,,,,,,,,,,,,,55,,,,,,,,91,,,,,,,,50,,,,,,,88,,,,,,,,,,,,,,45,,,,,,,,,,,,,,,,,,,,,,,,,,,,,,,,,,,,,,,,,,,,,,,,,,,,,,,,,,,,,,,,,,,,,,,,,,,,,,,,,,,,,,,,,,,,,,,,,,,,65.8,57.2,-8.6,1
1/25/22 18:24,1/25/22 18:36,100,697,R_2YkZkcYAh2yHFRq,1,2,35,Cisgender Male,m,1,yes,no,,,,,,,,,,,,,,,,,,,,,,,,,,,,,,,,,,,,,,,,,,,,,,,,,,,,,,,,,,,,,,,,,,,,,,,,,,,,,,,80,,,,,,,,81,,,,75,,,,,,,,,81,,,,90,,,,,,72,,,,,,,,,,,,,78,,,,,,,,,,,,,,,100,,,,,,,,93,,,,,,,,,,,,,,,,,,,,,100,,,,,88.6,81.4,-7.2,1
1/25/22 18:25,1/25/22 18:36,100,671,R_1GHUgG8s8A8KSOi,1,2,36,female,f,4,yes,no,,20,,,,,,50,,,,30,,,,,,,,60,,,,40,,,,,,,,,20,,,,,,,,,55,,,,,30,,,,,,,,,,,,,,,,,,,20,,,,,,,,20,,,,,,,,,,,,,,,,,,,,,,,,,,,,,,,,,,,,,,,,,,,,,,,,,,,,,,,,,,,,,,,,,,,,,,,,,,,,,,,,,,,,,,,,,,,,,,,,,,29,40,11,1
1/25/22 18:24,1/25/22 18:38,100,830,R_26kDU2hoer6KdDq,1,2,26,female,f,2,no,no,,,,,,,,,,,,,,,,,,,,,,,,,,,,,,,,,,,,,,,,,,,,,,,,,,,,,,,,,,,,,,,,,,,,,,,,,,,,,,,,,52,,,,,52,,,,,,,,81,,,,80,,,,50,,,,,,,,,,74,,,,,,,,,,,,,,87,,,,,,,,,,,,,50,,,,,,,,,,,,,,,100,,,,,62,,,,,,,,,,,,,74.6,63,-11.6,1
1/25/22 18:34,1/25/22 18:39,100,298,R_ZyGxl3WecMRe6D7,1,2,52,Female,f,5,yes,no,,,81,,,,,,100,,,,,,61,,64,,,,,92,,,,60,,,,,,,,,,,,,,,,,,80,,,,,,,,70,,,,,,,,,,,,,,,91,,,,,,,,,,91,,,,,,,,,,,,,,,,,,,,,,,,,,,,,,,,,,,,,,,,,,,,,,,,,,,,,,,,,,,,,,,,,,,,,,,,,,,,,,,,,,,,,,,,,,,,,,,78.4,79.6,1.2,1
1/25/22 18:28,1/25/22 18:39,100,685,R_2D5DjkbnHBoPqWm,1,2,38,male,m,2,no,no,,,,,,,,,,,,,,,,,,,,,,,,,,,,,,,,,,,,,,,,,,,,,,,,,,,,,,,,,,,,,,,,,,,,,,,,,,,,,,,,,,,94,,,,,86,,,,,93,,,68,,,,,,,95,,,,,,,56,,,,,,,,,,,,,,,,,,,,,53,,,,,,,67,,,,,,,,84,,,,,,,,,,,,,,,,,,,100,,,,,,,72,87.2,15.2,1
1/25/22 18:39,1/25/22 18:41,100,157,R_2SAKqAUuv4CYhJ7,1,2,41,Female,f,3,yes,no,,,,,,,,,,,,,,,,,,,,,,,,,,,,,,,,,,,,,,,,,,,,,,,,,,,,,,,,,,,,,,,,,,,,,,,,,,,,,,,,,,,50,,,62,,,,67,,,,,,74,,,,,,,61,,,,62,,,,,,,,,,,,,,,,,,,,,,,,,50,,,,,,,,,,,,48,,,,,,,,,,,,,,41,,,40,,,,,,,,,,,48.2,62.8,14.6,1
1/25/22 18:38,1/25/22 18:42,100,247,R_2uvWLCTlq18TO7O,1,2,20,Male,m,4,yes,yes once,,,71,,,,,,,57,,,,,55,,,,,50,,,55,,,,,,60,,,,,,,,,,,28,,,,,,,,,,,,,,,40,,,,,,54,,,,,,,,,,,,,,,30,,,,,,,,,,,,,,,,,,,,,,,,,,,,,,,,,,,,,,,,,,,,,,,,,,,,,,,,,,,,,,,,,,,,,,,,,,,,,,,,,,,,,,,,,,,,,,,,42.4,57.6,15.2,1
1/25/22 18:34,1/25/22 18:42,100,526,R_3CT60bSIwtYgwaP,1,2,24,female,f,1,no,yes once,,,,,,,,,,,,,,,,,,,,,,,,,,,,,,,,,,,,,,,,,,,,,,,,,,,,,,,,,,,,,,,,,,,,,,,,,,,,,,,,,40,,,,,,,50,,,90,,,,,,,,,70,60,,,,,,,,,,,,50,,,,,,,,,,,,,,,60,,,,,,,,,,,,,,,100,,,,,,,,,,,40,,,,,,,,,,70,,,,,,,,64,62,-2,1
1/25/22 18:40,1/25/22 18:44,100,262,R_1KqzipEIzU9yuFO,1,2,34,Female,f,1,no,yes once,,,,,,,,,,,,,,,,,,,,,,,,,,,,,,,,,,,,,,,,,,,,,,,,,,,,,,,,,,,,,,,,,,,,,,,,,,,,,,,,,61,,,,,,65,,,,60,,,,,,70,,,,,,,,61,,,,,,,,,,,,,71,,,,,,,,,,,,86,,,,,,,,,,,,,,,70,,,,95,,,,,,,,,,,,,,,,,95,,,,,,83.4,63.4,-20,1
1/25/22 18:39,1/25/22 18:44,100,325,R_2ZV61GYPq0ZN2oI,1,2,29,female,f,1,yes,no,,,,,,,,,,,,,,,,,,,,,,,,,,,,,,,,,,,,,,,,,,,,,,,,,,,,,,,,,,,,,,,,,,,,,,,,,,,,,,,,,,100,,,,75,,,,80,,,,,,,,85,,,,,85,,,,,,100,,,,,,,,,,,100,,,,,,,,,,,,,,,,100,,,,,,,,,,,,,,,,,,,,100,,,,,,,,,,,,,,,100,100,85,-15,1
1/25/22 18:19,1/25/22 18:46,100,1646,R_2QKFNDmORrkfcfR,1,2,27,Male ,m,2,yes,no,,,,,,,,,,,,,,,,,,,,,,,,,,,,,,,,,,,,,,,,,,,,,,,,,,,,,,,,,,,,,,,,,,,,,,,,,,,,,,,51,,,,,,43,,,,,,,,,60,,,55,,,,,,,,,50,,,,,65,,,,,,,,,,,,,,,,,,,82,,,,,,52,,,,,,,,,,,,41,,,,,,,,,,,,,,,,,,80,,,,,,64,51.8,-12.2,1
1/25/22 18:42,1/25/22 18:47,100,323,R_2aVy6xxpgyS5P1c,1,2,40,Male,m,3,yes,yes once,,,,,,,,,,,,,,,,,,,,,,,,,,,,,,,,,,,,,,,,,,,,,,,,,,,,,,,,,,,,,,,,,,,,,,,,,,,,,,,70,,,,,,,,,85,,55,,,,,,,,,,60,,80,,,,,,,,,,,,,50,,,,,,,,,,,,40,,,,,,,,60,,,,,,,,,,,,40,,,,,,,,,,,,,,,,,,,,,,50,,,48,70,22,1
1/25/22 18:40,1/25/22 18:48,100,464,R_4ZojrYjgQnDnUE9,1,2,36,Female,f,3,yes,yes once,,,,,,,,,,,,,,,,,,,,,,,,,,,,,,,,,,,,,,,,,,,,,,,,,,,,,,,,,,,,,,,,,,,,,,,,,,,,,,,,,,,,95,90,,,,,,,,100,,,,,,85,,,,,75,,,,80,,,,,,,,,,,,,80,,,,,,,,,,,,,50,,,,,,,,,,,,,,,,70,,,,,,,,,,,,,,,,,,80,,,,72,89,17,1
1/25/22 18:47,1/25/22 18:48,100,100,R_23fcsMkjVE55Z4B,1,1,,,,,,,,,,,,,,,,,,,,,,,,,,,,,,,,,,,,,,,,,,,,,,,,,,,,,,,,,,,,,,,,,,,,,,,,,,,,,,,,,,,,,,,,,,,,,,,,,,,,,,,,,,,,,,,,,,,,,,,,,,,,,,,,,,,,,,,,,,,,,,,,,,,,,,,,,,,,,,,,,,,,,,,,,,,,,,,,,,,,,
1/25/22 18:44,1/25/22 18:49,100,319,R_3ltStIPNn0rY0qh,1,2,32,Female,f,2,yes,no,,,,,,,,,,,,,,,,,,,,,,,,,,,,,,,,,,,,,,,,,,,,,,,,,,,,,,,,,,,,,,,,,,,,,,,,,,,,,,,,,90,,,,,,,80,,,,70,,,,,,75,,,,,,,,75,,,,,,,,,,,85,,,,,,95,,,,,,,,,,70,,,,,,,,,,,,,,,,,,,,,,,,75,,,,,80,,,,,,,,,,81,78,-3,1
1/25/22 18:39,1/25/22 18:49,100,633,R_2f3sD1qwubLyESA,1,2,33,Man,m,2,yes,no,,,,,,,,,,,,,,,,,,,,,,,,,,,,,,,,,,,,,,,,,,,,,,,,,,,,,,,,,,,,,,,,,,,,,,,,,,,,,,,,55,,,,,,,,,70,,,,70,,,,,,,70,75,,,,,,,,,,,,,50,,,,,,,,,,55,,,,,,,,,,,,,,,,,60,,,,,,,,,,,,60,,,,,,,,,,,,70,,,,,,,59,68,9,1
1/25/22 18:46,1/25/22 18:50,100,231,R_XnsT0cQNv6fKCwp,1,2,31,female,f,3,yes,no,,,,,,,,,,,,,,,,,,,,,,,,,,,,,,,,,,,,,,,,,,,,,,,,,,,,,,,,,,,,,,,,,,,,,,,,,,,,,,,,,,,,43,,52,,,,,,,95,,,,,,59,,55,,,,,,,,,,68,,,,,,,,,,,,,,50,,,,,,,,,,,,,,,,,94,,,,,,,,,71,,,,,,,,,,,,,,,,,,,53,,67.2,60.8,-6.4,1
1/25/22 18:47,1/25/22 18:50,100,180,R_332SDIKDbew5oBq,1,1,,,,,,,,,,,,,,,,,,,,,,,,,,,,,,,,,,,,,,,,,,,,,,,,,,,,,,,,,,,,,,,,,,,,,,,,,,,,,,,,,,,,,,,,,,,,,,,,,,,,,,,,,,,,,,,,,,,,,,,,,,,,,,,,,,,,,,,,,,,,,,,,,,,,,,,,,,,,,,,,,,,,,,,,,,,,,,,,,,,,,
1/25/22 18:50,1/25/22 18:51,100,20,R_25uTcBGQFcJ4CNQ,1,1,,,,,,,,,,,,,,,,,,,,,,,,,,,,,,,,,,,,,,,,,,,,,,,,,,,,,,,,,,,,,,,,,,,,,,,,,,,,,,,,,,,,,,,,,,,,,,,,,,,,,,,,,,,,,,,,,,,,,,,,,,,,,,,,,,,,,,,,,,,,,,,,,,,,,,,,,,,,,,,,,,,,,,,,,,,,,,,,,,,,,
1/25/22 18:38,1/25/22 18:51,100,729,R_1FCXGfVsiPCtyYU,1,2,39,Male,m,4,no,no,60,,,,,,,,80,,60,,,,,,50,,,,,,,70,,,,,,,55,,,,,,,,,,,,,60,,,,,,,,50,,,,,,,,,,,,,50,,,,,,,,,,,50,,,,,,,,,,,,,,,,,,,,,,,,,,,,,,,,,,,,,,,,,,,,,,,,,,,,,,,,,,,,,,,,,,,,,,,,,,,,,,,,,,,,,,,,,,,,,,,,53,64,11,1
1/25/22 18:39,1/25/22 18:51,100,734,R_28HSAV4ePdfdHnY,1,2,22,female,f,1,yes,no,,,,,,,,,,,,,,,,,,,,,,,,,,,,,,,,,,,,,,,,,,,,,,,,,,,,,,,,,,,,,,,,,,,,,,,,,,,,,,,50,,,,,,84,,,,,,59,,,,,,62,,,,,,,,,71,,68,,,,,,,,,,,,,,61,,,,,,,,,,,,,,,,,,,,,,,50,,,,,,,,,,,,74,,,,,68,,,,,,,,,,64.2,65.2,1,1
1/25/22 18:47,1/25/22 18:52,100,325,R_3M6z3rQFYcF7pUF,1,2,28,Female,f,2,yes,yes once,,,,,,,,,,,,,,,,,,,,,,,,,,,,,,,,,,,,,,,,,,,,,,,,,,,,,,,,,,,,,,,,,,,,,,,,,,,,,,,,50,,,,,,,60,,,,,,,65,,65,,,,,,70,,,,,,,,,,,,,,50,,,,,80,,,,,,,,,,,,,,,,,,50,,,,,,,,,,90,,,,,,,,,,,50,,,,,,,,,,,,64,62,-2,1
1/25/22 18:45,1/25/22 18:52,100,421,R_27jJTWQvEXWPf2p,1,2,30,30,,6,yes,yes once,,,,50,,,0,,,,,,70,,,,,50,,,,50,,,,,,,,50,,,,,,,,,60,,,,,,,,,,,,,,,,,50,,,,,,,,100,,,,70,,,,,,,,,,,,,,,,,,,,,,,,,,,,,,,,,,,,,,,,,,,,,,,,,,,,,,,,,,,,,,,,,,,,,,,,,,,,,,,,,,,,,,,,,,,,,,,,,,,,,,,,66,44,-22,1
1/25/22 18:45,1/25/22 18:52,100,418,R_3G7VPx6ygsPOxCx,1,2,41,Female,f,1,no,no,,,,,,,,,,,,,,,,,,,,,,,,,,,,,,,,,,,,,,,,,,,,,,,,,,,,,,,,,,,,,,,,,,,,,,,,,,,,,,,,,,93,,,92,,,,,,,,,93,,91,,,,,,,,88,,,,,,,,,,,,,,,92,,,,,,,,,,,,95,,,,,,,,94,,,,,,,,,,,,,92,,,,,,,,,92,,,,,,,,,,,93,91.4,-1.6,1
1/25/22 18:50,1/25/22 18:54,100,225,R_3iqIefqTT5bXp5W,1,2,32,Female,f,3,yes,yes once,,,,,,,,,,,,,,,,,,,,,,,,,,,,,,,,,,,,,,,,,,,,,,,,,,,,,,,,,,,,,,,,,,,,,,,,,,,,,,,,,57,,,,,,52,,,76,,,,,,,,,,59,,,,,62,,,,,,,,,,,,,48,,,,,,,67,,,,,,,,,,,,51,,,,,,,,,,,,,,,66,,,,,,,,,,,,75,,,,,,,,61.4,61.2,-0.2,1
1/25/22 18:49,1/25/22 18:55,100,351,R_1IXJNervarvi6mW,1,2,64,Female,f,1,yes,no,,,,,,,,,,,,,,,,,,,,,,,,,,,,,,,,,,,,,,,,,,,,,,,,,,,,,,,,,,,,,,,,,,,,,,,,,,,,,,,100,,,,,,,,,,100,,,,,,100,,,100,,,,,,100,,,,,,,,100,,,,,,,,,,,,,,,,,100,,,,,,100,,,,,,,,,,,,,,,,,,100,,,,,,,,,,,,,,,100,,,,100,100,0,1
1/25/22 18:30,1/25/22 18:58,100,1646,R_2SuTJQ0kYBqM5Pb,1,2,43,nonbinary,nonbinary,1,yes,yes once,,,,,,,,,,,,,,,,,,,,,,,,,,,,,,,,,,,,,,,,,,,,,,,,,,,,,,,,,,,,,,,,,,,,,,,,,,,,,,,,,,,65,,,,,,72,,,,,,92,,,,82,,,79,,,,,,,,,,,,,,,,,,,,,,,,,,,,,93,,,,,,78,,,,,,,,,,,80,,,,,,,,,,,,,,,88,,,,,,,,,84.75,78,-6.75,1
1/25/22 18:54,1/25/22 18:59,100,328,R_YYnPgbyvhybhTRn,1,2,23,female,f,1,yes,yes regularly,,,,,,,,,,,,,,,,,,,,,,,,,,,,,,,,,,,,,,,,,,,,,,,,,,,,,,,,,,,,,,,,,,,,,,,,,,,,,,,,,,,20,,,,,61,,,41,,,,,,,,55,,,,,,,40,,,100,,,,,,,,,,,,,100,,,,,,,,,,,,,,,,,,,,83,,,,,,,,,,,,,,,,50,,,,,100,,,,,,,,,86.6,43.4,-43.2,1
1/25/22 19:00,1/25/22 19:01,100,85,R_sdPe2nN81rG57gt,1,1,,,,,,,,,,,,,,,,,,,,,,,,,,,,,,,,,,,,,,,,,,,,,,,,,,,,,,,,,,,,,,,,,,,,,,,,,,,,,,,,,,,,,,,,,,,,,,,,,,,,,,,,,,,,,,,,,,,,,,,,,,,,,,,,,,,,,,,,,,,,,,,,,,,,,,,,,,,,,,,,,,,,,,,,,,,,,,,,,,,,,
1/25/22 19:01,1/25/22 19:02,100,39,R_32WT2WHP96QYYuH,1,1,,,,,,,,,,,,,,,,,,,,,,,,,,,,,,,,,,,,,,,,,,,,,,,,,,,,,,,,,,,,,,,,,,,,,,,,,,,,,,,,,,,,,,,,,,,,,,,,,,,,,,,,,,,,,,,,,,,,,,,,,,,,,,,,,,,,,,,,,,,,,,,,,,,,,,,,,,,,,,,,,,,,,,,,,,,,,,,,,,,,,
1/25/22 19:04,1/25/22 19:04,100,20,R_1jNYxZyVVDt3ggw,1,1,,,,,,,,,,,,,,,,,,,,,,,,,,,,,,,,,,,,,,,,,,,,,,,,,,,,,,,,,,,,,,,,,,,,,,,,,,,,,,,,,,,,,,,,,,,,,,,,,,,,,,,,,,,,,,,,,,,,,,,,,,,,,,,,,,,,,,,,,,,,,,,,,,,,,,,,,,,,,,,,,,,,,,,,,,,,,,,,,,,,,
1/25/22 19:03,1/25/22 19:04,100,74,R_2VJcplgeaOiTbYp,1,1,,,,,,,,,,,,,,,,,,,,,,,,,,,,,,,,,,,,,,,,,,,,,,,,,,,,,,,,,,,,,,,,,,,,,,,,,,,,,,,,,,,,,,,,,,,,,,,,,,,,,,,,,,,,,,,,,,,,,,,,,,,,,,,,,,,,,,,,,,,,,,,,,,,,,,,,,,,,,,,,,,,,,,,,,,,,,,,,,,,,,
1/25/22 19:01,1/25/22 19:05,100,185,R_V1HWw25kPgDgK09,1,1,,,,,,,,,,,,,,,,,,,,,,,,,,,,,,,,,,,,,,,,,,,,,,,,,,,,,,,,,,,,,,,,,,,,,,,,,,,,,,,,,,,,,,,,,,,,,,,,,,,,,,,,,,,,,,,,,,,,,,,,,,,,,,,,,,,,,,,,,,,,,,,,,,,,,,,,,,,,,,,,,,,,,,,,,,,,,,,,,,,,,
1/25/22 19:06,1/25/22 19:06,100,47,R_2dfP7hHP65FptE0,1,1,,,,,,,,,,,,,,,,,,,,,,,,,,,,,,,,,,,,,,,,,,,,,,,,,,,,,,,,,,,,,,,,,,,,,,,,,,,,,,,,,,,,,,,,,,,,,,,,,,,,,,,,,,,,,,,,,,,,,,,,,,,,,,,,,,,,,,,,,,,,,,,,,,,,,,,,,,,,,,,,,,,,,,,,,,,,,,,,,,,,,
1/25/22 19:01,1/25/22 19:07,100,322,R_TjAiB4QSKxcw5dn,1,2,25,male,m,4,yes,yes once,,,,,49,46,,,,,,,,70,,,,,44,,,,,,52,,,,40,,,,,,,,,,,,,,,,54,,,,,,,,,47,,,,,,55,,,,,,,,,49,,,,,,,,,,,,,,,,,,,,,,,,,,,,,,,,,,,,,,,,,,,,,,,,,,,,,,,,,,,,,,,,,,,,,,,,,,,,,,,,,,,,,,,,,,,,,,,,,,,,,,,49,52.2,3.2,1
1/25/22 19:06,1/25/22 19:07,100,34,R_2pQdKTa0mwJWhQx,1,1,,,,,,,,,,,,,,,,,,,,,,,,,,,,,,,,,,,,,,,,,,,,,,,,,,,,,,,,,,,,,,,,,,,,,,,,,,,,,,,,,,,,,,,,,,,,,,,,,,,,,,,,,,,,,,,,,,,,,,,,,,,,,,,,,,,,,,,,,,,,,,,,,,,,,,,,,,,,,,,,,,,,,,,,,,,,,,,,,,,,,
1/25/22 19:02,1/25/22 19:08,100,350,R_2vkac9HbnfW4sQO,1,2,30,Agender,Agender,1,yes,yes once,,,,,,,,,,,,,,,,,,,,,,,,,,,,,,,,,,,,,,,,,,,,,,,,,,,,,,,,,,,,,,,,,,,,,,,,,,,,,,,,,,71,,,,30,,,,,,,,,90,,50,,,,20,,,,,,,,,60,,,,,,,,,,,,,,,,,,,,80,,,,,,,,80,,,,,,,,,,,,65,,,,,,,,,,30,,,,,,,,,,,,63,52.2,-10.8,1
1/25/22 19:04,1/25/22 19:08,100,212,R_2rvYBr1XgjhdPOf,1,2,25,Male,m,3,yes,no,,,,,,,,,,,,,,,,,,,,,,,,,,,,,,,,,,,,,,,,,,,,,,,,,,,,,,,,,,,,,,,,,,,,,,,,,,,,,,,,,,,,89,73,,,,,,,,,88,,93,,,,,,,,,69,,79,,,,,,,,,,,,,,,,,,,,81,,,,,,,,,,,,,,72,,,,,,,,,,,,,89,,,,,,,,,,,,75,,,,,,79.2,82.4,3.2,1
1/25/22 19:05,1/25/22 19:10,100,291,R_1LYxrvi0kpZqRQF,1,2,20,Male,m,1,yes,no,,,,,,,,,,,,,,,,,,,,,,,,,,,,,,,,,,,,,,,,,,,,,,,,,,,,,,,,,,,,,,,,,,,,,,,,,,,,,,,,,,,,55,,,75,,,,,50,,,,,,,,45,,,80,,,,,,,,,,,,,,70,,,,,,,,,,,55,,,,,,,,,,,,,,,60,,,,,,,,,,,,,45,,,65,,,,,,,,,,,,,59,61,2,1
1/25/22 19:07,1/25/22 19:10,100,168,R_1M707haMp2jWfIg,1,2,37,Male,m,1,yes,no,,,,,,,,,,,,,,,,,,,,,,,,,,,,,,,,,,,,,,,,,,,,,,,,,,,,,,,,,,,,,,,,,,,,,,,,,,,,,,,13,,,,,,,,,,15,,15,,,,,19,,,,,,0,,,,,,,,,,,,,32,,,,,,,,,,,,,,,,,29,,,,,,,,19,,,,,,,,15,,,,,,,,,,,,,,,,,,,,,,,0,19,12.4,-6.6,1
1/25/22 19:04,1/25/22 19:10,100,338,R_bKMnc3ZHinmedBT,1,2,36,Female,f,2,yes,yes once,,,,,,,,,,,,,,,,,,,,,,,,,,,,,,,,,,,,,,,,,,,,,,,,,,,,,,,,,,,,,,,,,,,,,,,,,,,,,,,,,,,81,,,,,71,,,,50,,,,,,,61,,,,,81,,,,,,,,,,,,82,,,,61,,,,,,,,,,,,,,,,,,,,,,,,82,,,,,,,61,,,,,,,,,,,,,,,,80,,,,,73.2,68.8,-4.4,1
1/25/22 19:08,1/25/22 19:12,100,251,R_2zvuxjuyQR9sbrq,1,2,41,Female,f,5,no,no,93,,,,,77,,,,,,,,,91,,,50,,,,50,,,,50,,,,,,,,,,,,22,,,,,,,,,,,,,,,,,79,,,,,,,,34,,,,,,,,,,,,,,50,,,,,,,,,,,,,,,,,,,,,,,,,,,,,,,,,,,,,,,,,,,,,,,,,,,,,,,,,,,,,,,,,,,,,,,,,,,,,,,,,,,,,,,,,,,,,,,47,72.2,25.2,1
1/25/22 19:12,1/25/22 19:13,100,26,R_ePtS5w8frbULOIp,1,1,,,,,,,,,,,,,,,,,,,,,,,,,,,,,,,,,,,,,,,,,,,,,,,,,,,,,,,,,,,,,,,,,,,,,,,,,,,,,,,,,,,,,,,,,,,,,,,,,,,,,,,,,,,,,,,,,,,,,,,,,,,,,,,,,,,,,,,,,,,,,,,,,,,,,,,,,,,,,,,,,,,,,,,,,,,,,,,,,,,,,
1/25/22 19:13,1/25/22 19:13,100,20,R_Of1ZshJt0Z7EgWl,1,1,,,,,,,,,,,,,,,,,,,,,,,,,,,,,,,,,,,,,,,,,,,,,,,,,,,,,,,,,,,,,,,,,,,,,,,,,,,,,,,,,,,,,,,,,,,,,,,,,,,,,,,,,,,,,,,,,,,,,,,,,,,,,,,,,,,,,,,,,,,,,,,,,,,,,,,,,,,,,,,,,,,,,,,,,,,,,,,,,,,,,
1/25/22 19:08,1/25/22 19:13,100,315,R_1OOCxA3usX0qIcl,1,2,41,Male,m,2,no,no,,,,,,,,,,,,,,,,,,,,,,,,,,,,,,,,,,,,,,,,,,,,,,,,,,,,,,,,,,,,,,,,,,,,,,,,,,,,,,,,,70,,,,80,,,,,,76,,,,,,100,,,,,,,,,65,,,,,90,,,,,,,,,,,,91,,,,,,,,,,100,,,,,,,,,,,,,,100,,,,,,,,,,,,,,,,,,,,,,85,,,93.2,78.2,-15,1
1/25/22 19:07,1/25/22 19:14,100,415,R_3nV5tEcIhfktMQi,1,2,30,Female,f,1,no,yes once,,,,,,,,,,,,,,,,,,,,,,,,,,,,,,,,,,,,,,,,,,,,,,,,,,,,,,,,,,,,,,,,,,,,,,,,,,,,,,,,90,,,,,,,,,89,100,,,,,,,,90,,,,,91,,,,,,,,,,81,,,,,,,,,,,,,81,,,,,,,,71,,,,,,,,,,,,,,,,,,,,,72,,,,,,,,,,,,,,,100,,81,92,11,1
1/25/22 18:53,1/25/22 19:14,100,1270,R_3dYUwsy79gzydD8,1,2,42,female,f,4,yes,yes once,,50,,,,,,52,,,,66,,,,63,,,,,50,,,,,,,,,,,50,,,,,,,,,,47,,,,,,,,,,,,,,,51,,,,,,,,,53,,,,,,,,47,,,,,,,,,,,,,,,,,,,,,,,,,,,,,,,,,,,,,,,,,,,,,,,,,,,,,,,,,,,,,,,,,,,,,,,,,,,,,,,,,,,,,,,,,,,,,,,,,,49.6,56.2,6.6,1
1/25/22 19:12,1/25/22 19:15,100,205,R_1q2qgLFvM5sGdeh,1,2,27,Female,f,3,no,no,,,,,,,,,,,,,,,,,,,,,,,,,,,,,,,,,,,,,,,,,,,,,,,,,,,,,,,,,,,,,,,,,,,,,,,,,,,,,,,,,,,,54,,,60,,,,,,54,,,,,,,58,,,,,53,,,55,,,,,,,,,,,,,,,,,,,,,63,,,,,,,,,,53,,,,,,,,,,,,,52,,,,,,,,,,,,62,,,,,,,,57,55.8,-1.2,1
1/25/22 19:06,1/25/22 19:16,100,559,R_0dq2knxqZ2OQ0gh,1,2,27,Male,m,1,yes,yes once,,,,,,,,,,,,,,,,,,,,,,,,,,,,,,,,,,,,,,,,,,,,,,,,,,,,,,,,,,,,,,,,,,,,,,,,,,,,,,,,,,56,,,,,,45,,,50,,,,,,,,,45,40,,,,,,,,,,,,,,,54,,,,,,,,,,,,,,,,53,45,,,,,,,,,,,,,,50,,,,,,,,,,,,55,,,,,,,,,,,,,51.4,47.2,-4.2,1
1/25/22 19:16,1/25/22 19:16,100,25,R_1SOSH8MmhMcwcKt,1,1,,,,,,,,,,,,,,,,,,,,,,,,,,,,,,,,,,,,,,,,,,,,,,,,,,,,,,,,,,,,,,,,,,,,,,,,,,,,,,,,,,,,,,,,,,,,,,,,,,,,,,,,,,,,,,,,,,,,,,,,,,,,,,,,,,,,,,,,,,,,,,,,,,,,,,,,,,,,,,,,,,,,,,,,,,,,,,,,,,,,,
1/25/22 19:11,1/25/22 19:16,100,295,R_QoUeo7mOOiTLvjz,1,2,19,female,f,3,yes,no,,,,,,,,,,,,,,,,,,,,,,,,,,,,,,,,,,,,,,,,,,,,,,,,,,,,,,,,,,,,,,,,,,,,,,,,,,,,,,,,,,51,,,,,,83,,,,,,,58,,,,54,,50,,,,,,,,,,,,,49,,,,,,,,,,,,,,49,,,,,,,63,,,,,,,,,,,,,35,,,,,,,,,,,,,49,,,,,,,,,,,49,59.2,10.2,1
1/25/22 19:08,1/25/22 19:16,100,493,R_2V3CqdrHYdtUNMF,1,2,37,female,f,1,yes,yes once,,,,,,,,,,,,,,,,,,,,,,,,,,,,,,,,,,,,,,,,,,,,,,,,,,,,,,,,,,,,,,,,,,,,,,,,,,,,,,,51,,,,,,,56,,,,,61,,,,,,,,50,,,,,,47,,,,,51,,,,,,,,,,,,,60,,,,,,,,,,,,,,,,,,,66,,,,,,,61,,,,,,,,,,,,,,,,,,71,,,,,61.8,53,-8.8,1
1/25/22 18:56,1/25/22 19:17,100,1244,R_2fkB0a8YszFCHbD,1,2,60,female,f,2,no,no,,,,,,,,,,,,,,,,,,,,,,,,,,,,,,,,,,,,,,,,,,,,,,,,,,,,,,,,,,,,,,,,,,,,,,,,,,,,,,,,83,,,,,,93,,,,,,,87,,,,100,,,,,50,,,,,,,,,,,,85,,,,,,,,,,53,,,,,,,,,,,,81,,,,,,,,,,63,,,,,,,,,,,,,,,,,,,96,,,,,,,75.6,82.6,7,1
1/25/22 19:11,1/25/22 19:17,100,374,R_2zwEEDrnwNMlUEc,1,2,23,Non-Binary,Non-Binary,3,yes,no,,,,,,,,,,,,,,,,,,,,,,,,,,,,,,,,,,,,,,,,,,,,,,,,,,,,,,,,,,,,,,,,,,,,,,,,,,,,,,,,,,,0,,51,,,,,,,,1,,,,,,0,,,,,,,0,,,,,,,,,51,,,,,,,,,,,51,,,,,,,,,,,,,,,,,,,51,,,,,,,,,,51,,,,,51,,,,,,,,,,,,51,10.4,-40.6,1
1/25/22 19:13,1/25/22 19:18,100,309,R_23ayaA3rs9njdFj,1,2,26,female,f,1,no,no,,,,,,,,,,,,,,,,,,,,,,,,,,,,,,,,,,,,,,,,,,,,,,,,,,,,,,,,,,,,,,,,,,,,,,,,,,,,,,,,100,,,,,,,98,,,100,,,,,,,,98,,,,,50,,,,98,,,,,,,,,,,,,,,100,,,,,,,,,,,,,,,,,,,,,,97,,98,,,,,,,,,,,,,,,,,,,,,,,,,54,89.4,89.2,-0.2,1
1/25/22 19:12,1/25/22 19:18,100,382,R_10AfbFwkzMsxmrr,1,2,58,Man !,m,1,yes,yes once,,,,,,,,,,,,,,,,,,,,,,,,,,,,,,,,,,,,,,,,,,,,,,,,,,,,,,,,,,,,,,,,,,,,,,,,,,,,,,,,,,,68,,,,,,80,,,,,100,,,,100,,,,9,,,,,,,,,,100,,,,,,,,,,,,,100,,,,,,,,,,,,,100,,,,,,,,,,,,,,,,,,,,100,,,,100,,,,,,,,,,100,71.4,-28.6,1
1/25/22 19:13,1/25/22 19:18,100,337,R_3rOmDD1crcEz3ZA,1,2,35,man,m,4,yes,yes once,,,,99,,,58,,,,99,,,,,95,,,,,65,,,,,,,,,,,,,,,28,,,,,,,57,,,,,,40,,,,,,,,,,,,,,,,,,36,,,,,,18,,,,,,,,,,,,,,,,,,,,,,,,,,,,,,,,,,,,,,,,,,,,,,,,,,,,,,,,,,,,,,,,,,,,,,,,,,,,,,,,,,,,,,,,,,,,,,,,,,,35.8,83.2,47.4,1
1/25/22 19:15,1/25/22 19:19,100,239,R_2w1yk3DN7h63a7y,1,2,47,Female,f,5,no,no,,,100,,,,,,50,,,100,,,,,,,,53,,,,,52,,20,,,,,,,,,,,,,,,,,,,10,,,27,,,,,,,,,,,,,7,,,,,,,,,,7,,,,,,,,,,,,,,,,,,,,,,,,,,,,,,,,,,,,,,,,,,,,,,,,,,,,,,,,,,,,,,,,,,,,,,,,,,,,,,,,,,,,,,,,,,,,,,,,,,,,14.2,71,56.8,1
1/25/22 19:15,1/25/22 19:19,100,257,R_3g5vFVDUe3U79rS,1,2,28,female,f,3,yes,no,,,,,,,,,,,,,,,,,,,,,,,,,,,,,,,,,,,,,,,,,,,,,,,,,,,,,,,,,,,,,,,,,,,,,,,,,,,,,,,61,,,,,,,,,,54,65,,,,,,71,,,,,,,,,,61,,,,,,,,,,,52,,,,,,,,,,,,,,50,,,,,55,,,,,,,,,,,,,,,,,,,,39,,,,,,,,,,,,46,,,,48.4,62.4,14,1
1/25/22 19:13,1/25/22 19:20,100,391,R_3r2nstvxtf9BRUZ,1,2,56,Female,f,1,yes,no,,,,,,,,,,,,,,,,,,,,,,,,,,,,,,,,,,,,,,,,,,,,,,,,,,,,,,,,,,,,,,,,,,,,,,,,,,,,,,,,,76,,,,,,,52,,21,,,,,,,100,,,,,41,,,,,,,,,,,,,,,,,70,,100,,,,,,,,,,,,,,,,,,,100,,,,,,,,,,25,,,,,,,,,,,,,,,,,,,100,,,79,58,-21,1
1/25/22 19:16,1/25/22 19:21,100,267,R_2ypSm3o0eOQXxSJ,1,2,22,Male,m,3,yes,yes once,,,,,,,,,,,,,,,,,,,,,,,,,,,,,,,,,,,,,,,,,,,,,,,,,,,,,,,,,,,,,,,,,,,,,,,,,,,,,,,,,,59,,,,,56,,,,60,,,,,,,62,,,,,,71,,,,,79,,,,,,,,,,,,,,,50,,,,,,,,,,,,,58,,,,,,,,,,,,,,,,52,,,,,,,,,,,,,80,,,,,,63.8,61.6,-2.2,1
1/25/22 19:14,1/25/22 19:21,100,378,R_1XoQyo9fDNDO5dT,1,2,19,Man,m,2,yes,yes once,,,,,,,,,,,,,,,,,,,,,,,,,,,,,,,,,,,,,,,,,,,,,,,,,,,,,,,,,,,,,,,,,,,,,,,,,,,,,,,,66,,,,,100,,,,,,,,,,82,,,,,57,,,64,,,,,,,,23,,,,,,,,,9,,,,,,,,,,,,,,,,,,,,,90,,,,,,,,,,58,,,,,,,,,,,,100,,,,,,,,,56,73.8,17.8,1
1/25/22 19:21,1/25/22 19:21,100,22,R_2S6WkCOWJ0Ecg7a,2,2,,,,,,,,,,,,,,,,,,,,,,,,,,,,,,,,,,,,,,,,,,,,,,,,,,,,,,,,,,,,,,,,,,,,,,,,,,,,,,,,,,,,,,,,,,,,,,,,,,,,,,,,,,,,,,,,,,,,,,,,,,,,,,,,,,,,,,,,,,,,,,,,,,,,,,,,,,,,,,,,,,,,,,,,,,,,,,,,,,,,,
1/25/22 19:03,1/25/22 19:22,100,1134,R_1FkM5301zORd4dB,1,2,24,female,f,2,yes,yes once,,,,,,,,,,,,,,,,,,,,,,,,,,,,,,,,,,,,,,,,,,,,,,,,,,,,,,,,,,,,,,,,,,,,,,,,,,,,,,,,,70,,,,,90,,,,,,,,70,,,90,,,,80,,,,,,,,,,,,80,,,,,,,,,,,,,,,,,85,,,,60,,,,,,,,,,,,,,,,,,,,,,,65,,,,,,,,75,,,,,,,73,80,7,1
1/25/22 19:14,1/25/22 19:23,100,561,R_3HpKTcQ0NquxoON,1,2,27,female,f,4,yes,yes once,,,,,72,,,,,81,,,,82,,,75,,,,,,,70,,,,,,,,,,25,,,,,,,25,,,,,,,,,,,,70,,,,,30,,,,,,,,,,,,,,,,,65,,,,,,,,,,,,,,,,,,,,,,,,,,,,,,,,,,,,,,,,,,,,,,,,,,,,,,,,,,,,,,,,,,,,,,,,,,,,,,,,,,,,,,,,,,,,,,,,,43,76,33,1
1/25/22 19:25,1/25/22 19:25,100,23,R_2wiAEmZ9jCwJYcG,1,1,,,,,,,,,,,,,,,,,,,,,,,,,,,,,,,,,,,,,,,,,,,,,,,,,,,,,,,,,,,,,,,,,,,,,,,,,,,,,,,,,,,,,,,,,,,,,,,,,,,,,,,,,,,,,,,,,,,,,,,,,,,,,,,,,,,,,,,,,,,,,,,,,,,,,,,,,,,,,,,,,,,,,,,,,,,,,,,,,,,,,
1/25/22 19:22,1/25/22 19:26,100,187,R_UMSszop8OiKJf69,1,2,52,woman / female,f,2,no,no,,,,,,,,,,,,,,,,,,,,,,,,,,,,,,,,,,,,,,,,,,,,,,,,,,,,,,,,,,,,,,,,,,,,,,,,,,,,,,,,,70,,,,,,,,81,,,71,,,,,,83,,,,,,75,,,,,,,,,,71,,,,,,,84,,,,,,,,,,,,,66,,,,,,,,,,,,81,,,,,,,,,,,,,91,,,,,,,,,,,,,78.6,76,-2.6,1
1/25/22 19:26,1/25/22 19:27,100,44,R_1CrP7GUBiG7OC83,1,1,,,,,,,,,,,,,,,,,,,,,,,,,,,,,,,,,,,,,,,,,,,,,,,,,,,,,,,,,,,,,,,,,,,,,,,,,,,,,,,,,,,,,,,,,,,,,,,,,,,,,,,,,,,,,,,,,,,,,,,,,,,,,,,,,,,,,,,,,,,,,,,,,,,,,,,,,,,,,,,,,,,,,,,,,,,,,,,,,,,,,
1/25/22 19:27,1/25/22 19:27,100,22,R_1FEZ0wwl6QabsQ0,1,1,,,,,,,,,,,,,,,,,,,,,,,,,,,,,,,,,,,,,,,,,,,,,,,,,,,,,,,,,,,,,,,,,,,,,,,,,,,,,,,,,,,,,,,,,,,,,,,,,,,,,,,,,,,,,,,,,,,,,,,,,,,,,,,,,,,,,,,,,,,,,,,,,,,,,,,,,,,,,,,,,,,,,,,,,,,,,,,,,,,,,
1/25/22 19:24,1/25/22 19:28,100,230,R_TgYekNFjpPMdMIh,1,2,40,Male,m,3,no,yes once,,,,,,,,,,,,,,,,,,,,,,,,,,,,,,,,,,,,,,,,,,,,,,,,,,,,,,,,,,,,,,,,,,,,,,,,,,,,,,,,,,70,,,,50,,,,,,,,50,,,70,,,,,,,,55,,,,,60,,,,,,,,,,,,,,69,,,,,,,,,,,,,,,,,70,,,,,,,,,,60,,,,,,,,,,,,,,90,,,,,,,69.8,59,-10.8,1
1/25/22 19:06,1/25/22 19:28,100,1302,R_12PBxjMaDG2eJ3W,1,2,23,Female,f,4,yes,no,,62,,,,,,66,,,,,50,,,,,,61,,,,50,,,,,,,,,,50,,,,50,,,,,,,,,,,,,,49,,,,,,,,50,,,,,,,,,,,,,,,,,,,50,,,,,,,,,,,,,,,,,,,,,,,,,,,,,,,,,,,,,,,,,,,,,,,,,,,,,,,,,,,,,,,,,,,,,,,,,,,,,,,,,,,,,,,,,,,,,,49.8,57.8,8,1
1/25/22 19:28,1/25/22 19:28,100,19,R_20Sz0MPFy2J1ean,1,1,,,,,,,,,,,,,,,,,,,,,,,,,,,,,,,,,,,,,,,,,,,,,,,,,,,,,,,,,,,,,,,,,,,,,,,,,,,,,,,,,,,,,,,,,,,,,,,,,,,,,,,,,,,,,,,,,,,,,,,,,,,,,,,,,,,,,,,,,,,,,,,,,,,,,,,,,,,,,,,,,,,,,,,,,,,,,,,,,,,,,
1/25/22 19:11,1/25/22 19:28,100,1002,R_3fqpegjn2QcHA6d,1,2,29,Female,f,3,no,no,,,,,,,,,,,,,,,,,,,,,,,,,,,,,,,,,,,,,,,,,,,,,,,,,,,,,,,,,,,,,,,,,,,,,,,,,,,,,,,72,,,,,,,49,,,,,,,100,,,,,,51,,,,,100,,,,,,,,,,,,,,48,,,,,,,,,1,,,,,,,,,,,,,,,,36,,,,,,,,,,,85,,,,,,,44,,,,,,,,,,,42.8,74.4,31.6,1
1/25/22 19:26,1/25/22 19:29,100,171,R_2SvnnxgnN0JIA6V,1,2,38,female,f,3,no,no,,,,,,,,,,,,,,,,,,,,,,,,,,,,,,,,,,,,,,,,,,,,,,,,,,,,,,,,,,,,,,,,,,,,,,,,,,,,,,,,,,50,,,,,,,49,,,,,,50,,50,,,,,,,,,50,50,,,,,,,,,,,,,,,,50,,,,,,,,,,,,,,,,50,,,,,,,,49,,,,,,,,,,,,,,,51,,,,,,,,,,50,49.8,-0.2,2
1/25/22 19:23,1/25/22 19:29,100,337,R_1i2ptvMksOCQ2Ho,1,2,28,Female,f,2,yes,no,,,,,,,,,,,,,,,,,,,,,,,,,,,,,,,,,,,,,,,,,,,,,,,,,,,,,,,,,,,,,,,,,,,,,,,,,,,,,,,,,,,,50,,50,,,,,,,,,70,,,80,,,,70,,,,,,,,,,75,,,,,,,,,,,,,,,,50,,,,,,,,,50,,,,,,,,,,,,,,,,,75,,,,,,,,,,,,80,,,,,,66,64,-2,1
1/25/22 19:24,1/25/22 19:29,100,331,R_xmybNTH7jGgmdNf,1,2,21,Female,f,3,yes,yes once,,,,,,,,,,,,,,,,,,,,,,,,,,,,,,,,,,,,,,,,,,,,,,,,,,,,,,,,,,,,,,,,,,,,,,,,,,,,,,,,,,,25,,50,,,,,50,,,,,,50,,,,,,,19,,,,,,,,35,,,,,,,,,,,,,,,,,,,,50,,30,,,,,,,,,,,,,,,,,,,,50,,,,,,,,,,,55,,,,,,,,44,38.8,-5.2,1
1/25/22 19:25,1/25/22 19:30,100,257,R_2ysK0UtEYomYTB2,1,2,36,female,f,1,yes,no,,,,,,,,,,,,,,,,,,,,,,,,,,,,,,,,,,,,,,,,,,,,,,,,,,,,,,,,,,,,,,,,,,,,,,,,,,,,,,,,,,,,50,65,,,,,,,,45,,,,,,,20,,8,,,,,,,,,,,,,,,,100,,70,,,,,,,,,,,,,,,,,,,,,,100,,,,,,,,100,,,,,,,,,,,,,,,,,,65,,,,87,37.6,-49.4,1
1/25/22 19:24,1/25/22 19:30,100,402,R_24pbfVtIYaLkqIb,1,2,34,female,f,6,yes,yes once,,,100,,,,5,,,,,92,,,,,,,50,,,,100,,,,,,,,,,,,69,,,,,,,,,,,100,,82,,,,,,,,,,,,,,,,,100,,,,,,100,,,,,,,,,,,,,,,,,,,,,,,,,,,,,,,,,,,,,,,,,,,,,,,,,,,,,,,,,,,,,,,,,,,,,,,,,,,,,,,,,,,,,,,,,,,,,,,,,,,,,90.2,69.4,-20.8,1
1/25/22 19:24,1/25/22 19:31,100,409,R_eQEV1ZsW5fXqlVf,1,2,41,female,f,3,yes,no,,,,,,,,,,,,,,,,,,,,,,,,,,,,,,,,,,,,,,,,,,,,,,,,,,,,,,,,,,,,,,,,,,,,,,,,,,,,,,,,71,,,,,,,,55,,,,,90,,,75,,,,,40,,,,,,70,,,,,,,,,,,,,,,,,,,,50,,,,,,,,,,,,,,,,75,,,,,,,,,,,,50,,,,,,,,,,,,,,,,55,60,66.2,6.2,1
1/25/22 19:29,1/25/22 19:31,100,120,R_vernBQiviTouJ0d,1,2,40,Male,m,2,no,yes once,,,,,,,,,,,,,,,,,,,,,,,,,,,,,,,,,,,,,,,,,,,,,,,,,,,,,,,,,,,,,,,,,,,,,,,,,,,,,,,,,,,,40,76,,,,,,,84,,,,,,84,,,,,,,,87,,,,,,86,,,,,,,,,,,82,,,,,,,,,,,,,,,,,72,,,,,,,,73,,,,,,,,,,,,,,,,,,,77,,,,,78,74.2,-3.8,1
1/25/22 19:27,1/25/22 19:31,100,221,R_3sssSS6bh5HFYgJ,1,2,23,Male,m,3,yes,yes once,,,,,,,,,,,,,,,,,,,,,,,,,,,,,,,,,,,,,,,,,,,,,,,,,,,,,,,,,,,,,,,,,,,,,,,,,,,,,,,58,,,,,,,,,91,,100,,,,,,71,,,,,,,,,,59,,,,,,,,,,,,52,,,,,,,,51,,,,,,,,,68,,,,,,,,,,,,,,,,,,,,,,,66,,,,,,,,,,,50,,,57.4,75.8,18.4,1
1/25/22 19:27,1/25/22 19:31,100,220,R_24j8Ie1cn48q6WU,1,2,29,Male,m,1,yes,yes once,,,,,,,,,,,,,,,,,,,,,,,,,,,,,,,,,,,,,,,,,,,,,,,,,,,,,,,,,,,,,,,,,,,,,,,,,,,,,,,,,,96,,,,,94,,,,,,,,74,,,,,55,,,100,,,,,,,,,,,,,,,,100,,,,,,,,,,100,,,,,,,,,99,,,,,,,,,,,100,,,,,,,,,,,,,,78,,,,,,,,,95.4,83.8,-11.6,1
1/25/22 19:25,1/25/22 19:31,100,380,R_1imPvHaLn6Psdal,1,2,46,Female,f,2,yes,yes once,,,,,,,,,,,,,,,,,,,,,,,,,,,,,,,,,,,,,,,,,,,,,,,,,,,,,,,,,,,,,,,,,,,,,,,,,,,,,,,,56,,,,,,,,,81,,,,,,52,,,,76,,,,,,81,,,,60,,,,,,,,,,,,,,,,,,,,,,55,,,,,55,,,,,,,,,,,,,,,,,,,,53,,,,55,,,,,,,,,,,,55.6,69.2,13.6,1
1/25/22 19:31,1/25/22 19:32,100,58,R_svxIc89VlmPFygx,1,3,,,,,,,,,,,,,,,,,,,,,,,,,,,,,,,,,,,,,,,,,,,,,,,,,,,,,,,,,,,,,,,,,,,,,,,,,,,,,,,,,,,,,,,,,,,,,,,,,,,,,,,,,,,,,,,,,,,,,,,,,,,,,,,,,,,,,,,,,,,,,,,,,,,,,,,,,,,,,,,,,,,,,,,,,,,,,,,,,,,,,
1/25/22 19:26,1/25/22 19:32,100,355,R_3ewqDsITc7MAtwA,1,2,34,Male,m,2,no,no,,,,,,,,,,,,,,,,,,,,,,,,,,,,,,,,,,,,,,,,,,,,,,,,,,,,,,,,,,,,,,,,,,,,,,,,,,,,,,,100,,,,,,,,85,,,,81,,,,,,,100,,,,,,85,,,,,,,,,,,,,,,100,,,,,,,,,,,,75,,,,,,41,,,,,,,,,,,,,,,,,,,,51,,,,,,,,,,,,,50,,63.4,90.2,26.8,1
1/25/22 19:28,1/25/22 19:32,100,254,R_10OBbCJvSi6LknB,1,2,32,Female,f,3,yes,yes once,,,,,,,,,,,,,,,,,,,,,,,,,,,,,,,,,,,,,,,,,,,,,,,,,,,,,,,,,,,,,,,,,,,,,,,,,,,,,,,,90,,,,,,74,,,,,,,,91,,,,,85,,,,,88,,,,,,,,,,,,,80,,,,,,,,,,,,,,,69,,,74,,,,,,,,,,,,,,,,,,,,82,,,,,,,,,87,,,,,,,,78.4,85.6,7.2,1
1/25/22 19:26,1/25/22 19:32,100,381,R_25z5LUyNv9MOII9,1,2,44,female,f,4,no,no,,70,,,,90,,,,,85,,,,,85,,,,,,,,,80,,,50,,,,,,,,,,,,,50,,,,,,,,,75,,,,,,,,,,,,,50,,,,,,,70,,,,,,,,,,,,,,,,,,,,,,,,,,,,,,,,,,,,,,,,,,,,,,,,,,,,,,,,,,,,,,,,,,,,,,,,,,,,,,,,,,,,,,,,,,,,,,,,,,,,,,59,82,23,1
1/25/22 19:24,1/25/22 19:32,100,482,R_XzihO0AQXkicWPL,1,2,52,female,f,5,no,no,,,,57,,,,86,,,,,99,,,,93,,,,,100,,,,100,,,,,,,,,,,,,,,,,100,,,,80,,,,,,,,,,,,,98,,,,,,,,,,87,,,,,,,,,,,,,,,,,,,,,,,,,,,,,,,,,,,,,,,,,,,,,,,,,,,,,,,,,,,,,,,,,,,,,,,,,,,,,,,,,,,,,,,,,,,,,,,,,,,,,,93,87,-6,1
1/25/22 19:32,1/25/22 19:33,100,20,R_1hDLbU88EIg8ov0,1,1,,,,,,,,,,,,,,,,,,,,,,,,,,,,,,,,,,,,,,,,,,,,,,,,,,,,,,,,,,,,,,,,,,,,,,,,,,,,,,,,,,,,,,,,,,,,,,,,,,,,,,,,,,,,,,,,,,,,,,,,,,,,,,,,,,,,,,,,,,,,,,,,,,,,,,,,,,,,,,,,,,,,,,,,,,,,,,,,,,,,,
1/25/22 19:29,1/25/22 19:33,100,290,R_2e3XRFXZAkO6aTY,1,2,20,Female,f,1,yes,yes once,,,,,,,,,,,,,,,,,,,,,,,,,,,,,,,,,,,,,,,,,,,,,,,,,,,,,,,,,,,,,,,,,,,,,,,,,,,,,,,,,48,,,,,,47,,,,50,,,,,,50,,,,45,,,,,,,31,,,,,,,,,,,,,,,,,,55,,,,,,,54,,,,,,,,,,,,,,,36,,,,,,,,,,,42,,,,,,,,,,,,,43.6,48,4.4,1
1/25/22 19:31,1/25/22 19:34,100,158,R_21EDkWOEeoUPOJt,1,2,19,female,f,2,yes,no,,,,,,,,,,,,,,,,,,,,,,,,,,,,,,,,,,,,,,,,,,,,,,,,,,,,,,,,,,,,,,,,,,,,,,,,,,,,,,,,,,,99,,,,,,83,65,,,,,,,,,,81,,77,,,,,,,,,,,,81,,,,,,,,,,84,,,,,,,,,,,,,,,,,,,75,,,,100,,,,,,,,,,,,,,,,,,,,,,,,73,82.6,81,-1.6,1
1/25/22 19:32,1/25/22 19:34,100,123,R_3L7sOQzjSikc7wi,1,1,,,,,,,,,,,,,,,,,,,,,,,,,,,,,,,,,,,,,,,,,,,,,,,,,,,,,,,,,,,,,,,,,,,,,,,,,,,,,,,,,,,,,,,,,,,,,,,,,,,,,,,,,,,,,,,,,,,,,,,,,,,,,,,,,,,,,,,,,,,,,,,,,,,,,,,,,,,,,,,,,,,,,,,,,,,,,,,,,,,,,
1/25/22 19:28,1/25/22 19:34,100,393,R_w78GnqJ4SjJkGuR,1,2,41,female,f,1,yes,yes once,,,,,,,,,,,,,,,,,,,,,,,,,,,,,,,,,,,,,,,,,,,,,,,,,,,,,,,,,,,,,,,,,,,,,,,,,,,,,,,,,,,45,,,80,,,,,,,,70,,81,,,,,,2,,,,,,,,,,,,,78,,,,,,,,,,,,,,49,,,,,,,,,,,,,,,82,,,,,,75,,,,,,,,,,,,,60,,,,,,,,,68.8,55.6,-13.2,1
1/25/22 19:34,1/25/22 19:34,100,44,R_3kv7ehUTDCWEGhW,1,1,,,,,,,,,,,,,,,,,,,,,,,,,,,,,,,,,,,,,,,,,,,,,,,,,,,,,,,,,,,,,,,,,,,,,,,,,,,,,,,,,,,,,,,,,,,,,,,,,,,,,,,,,,,,,,,,,,,,,,,,,,,,,,,,,,,,,,,,,,,,,,,,,,,,,,,,,,,,,,,,,,,,,,,,,,,,,,,,,,,,,
1/25/22 19:14,1/25/22 19:35,100,1222,R_1LjN1gfkpReTfih,1,2,38,female,f,1,yes,yes regularly,,,,,,,,,,,,,,,,,,,,,,,,,,,,,,,,,,,,,,,,,,,,,,,,,,,,,,,,,,,,,,,,,,,,,,,,,,,,,,,,,,,,91,,,93,,,,,,92,,,95,,,,,,,,,95,,,,,,,,,,95,,,,,,,98,,,,,,,,,,,,,,,,,,95,,,,,,,,,,,,94,,,,,,,,,,,,,,,,,,96,,95.6,93.2,-2.4,1
1/25/22 19:27,1/25/22 19:35,100,494,R_2fDpCnzTXj8XB5r,1,2,50,Female,f,1,yes,yes once,,,,,,,,,,,,,,,,,,,,,,,,,,,,,,,,,,,,,,,,,,,,,,,,,,,,,,,,,,,,,,,,,,,,,,,,,,,,,,,,,,58,,,,,,,100,100,,,,,,,,100,,,,,76,,,,,,,,,,,,,75,,,,,,,,,100,,,,,,,,,,,,,,,,,,,,100,,,,,,,,,,,42,,,,100,,,,,,,,,,,,83.4,86.8,3.4,1
1/25/22 19:33,1/25/22 19:35,100,115,R_tWLwR4NczCJXnxv,1,1,,,,,,,,,,,,,,,,,,,,,,,,,,,,,,,,,,,,,,,,,,,,,,,,,,,,,,,,,,,,,,,,,,,,,,,,,,,,,,,,,,,,,,,,,,,,,,,,,,,,,,,,,,,,,,,,,,,,,,,,,,,,,,,,,,,,,,,,,,,,,,,,,,,,,,,,,,,,,,,,,,,,,,,,,,,,,,,,,,,,,
1/25/22 19:35,1/25/22 19:35,100,14,R_3snUgRbmBnJVuCD,1,1,,,,,,,,,,,,,,,,,,,,,,,,,,,,,,,,,,,,,,,,,,,,,,,,,,,,,,,,,,,,,,,,,,,,,,,,,,,,,,,,,,,,,,,,,,,,,,,,,,,,,,,,,,,,,,,,,,,,,,,,,,,,,,,,,,,,,,,,,,,,,,,,,,,,,,,,,,,,,,,,,,,,,,,,,,,,,,,,,,,,,
1/25/22 19:33,1/25/22 19:36,100,179,R_307v1lOEcqxGPVO,1,2,29,female,f,3,yes,yes once,,,,,,,,,,,,,,,,,,,,,,,,,,,,,,,,,,,,,,,,,,,,,,,,,,,,,,,,,,,,,,,,,,,,,,,,,,,,,,,77,,,,,,,,,76,,,,76,,,,,71,,,,79,,,,,,,,,58,,,,,,,,,,79,,,,,,,,,,,,,,75,,,,,,,,,,,,,,,,,,,,73,,,,,72,,,,,,,,,,,,,71.4,75.8,4.4,1
1/25/22 19:23,1/25/22 19:36,100,790,R_2AFggQ30ecpCmin,1,2,51,Female,f,2,yes,no,,,,,,,,,,,,,,,,,,,,,,,,,,,,,,,,,,,,,,,,,,,,,,,,,,,,,,,,,,,,,,,,,,,,,,,,,,,,,,,,,,,73,,,,,97,,,,,,56,,,65,,,,87,,,,,,,,,,,,,,,,78,,,,,,,,,,,,,85,,,,,,,,59,,,,,,,,,,,,,,,,,,,,74,,,,72,,,,,,,,,,73.6,75.6,2,1
1/25/22 19:33,1/25/22 19:37,100,268,R_2S6RnF2jSLK0dXg,1,2,20,Female,f,2,yes,no,,,,,,,,,,,,,,,,,,,,,,,,,,,,,,,,,,,,,,,,,,,,,,,,,,,,,,,,,,,,,,,,,,,,,,,,,,,,,,,,,58,,,,,,87,,,,95,,,,,94,,,,,,,,73,,,,,,,,,,,,91,,,,,92,,,,,,,,,,,,,,95,,,,,,,,,,,93,,,,,,,,,,,,,,,,,,99,,,,,,,,94,81.4,-12.6,1
1/25/22 19:27,1/25/22 19:37,100,649,R_3G9cAaMkCqA7oku,1,2,50,female,f,2,no,no,,,,,,,,,,,,,,,,,,,,,,,,,,,,,,,,,,,,,,,,,,,,,,,,,,,,,,,,,,,,,,,,,,,,,,,,,,,,,,,,,80,,,,,,70,,,,,,90,,,,,,65,,,,,,,53,,,,,,,52,,,,,,,,,,,,91,,,,,,,,,,,,,,,,,,,91,,,,,,,60,,,,,,,,,,,,,,80,,,,,,,74.8,71.6,-3.2,1
1/25/22 19:29,1/25/22 19:37,100,507,R_tKkoAU4AOMKbe0N,1,2,26,female,f,3,yes,no,,,,,,,,,,,,,,,,,,,,,,,,,,,,,,,,,,,,,,,,,,,,,,,,,,,,,,,,,,,,,,,,,,,,,,,,,,,,,,,,30,,,,,50,,,,,50,,,,,,,,,,50,,,,,30,,,,70,,,,,,,,,,,,,,,,,,70,,,,,,,,,,,,,,70,,,,,,,,70,,,,,,,,,,,,,,,,,,,,35,,,63,42,-21,1
1/25/22 19:24,1/25/22 19:38,100,803,R_ZkH23UovmU8tqXD,1,2,34,male,m,3,yes,yes once,,,,,,,,,,,,,,,,,,,,,,,,,,,,,,,,,,,,,,,,,,,,,,,,,,,,,,,,,,,,,,,,,,,,,,,,,,,,,,,,,50,,,,,,,100,,,,0,,,,,,,,0,,,50,,,,,,,,,,100,,,,,,,,,,,,,,,,,,,100,,,,,,,,,,,,,80,,,,,,,,,,,,100,,,,,,,,,,100,,,,,96,40,-56,1
1/25/22 19:31,1/25/22 19:38,100,408,R_ZKSGojDSlK7CCS5,1,2,52,Female,f,2,no,no,,,,,,,,,,,,,,,,,,,,,,,,,,,,,,,,,,,,,,,,,,,,,,,,,,,,,,,,,,,,,,,,,,,,,,,,,,,,,,,82,,,,,,,,,63,,,71,,,,,,,,,60,,,,,45,,,,,,,,,41,,,,,,,,,,,,,,,,,,63,,,,,,,,,,39,,,,,,,74,,,,,,,,,,,,,,,,,,,,,54,,54.2,64.2,10,1
1/25/22 19:33,1/25/22 19:38,100,317,R_Oj4hAhvifnSz9cZ,1,2,55,Male,m,5,no,no,,,50,,,,,,50,,,,,10,,,,,,50,,,75,,,,75,,,,,,,,,,,75,,,,,,,,,,,,,,,,,,,50,,,,,75,,,,,,,49,,,,,,,,,,,,,,,,,,,,,,,,,,,,,,,,,,,,,,,,,,,,,,,,,,,,,,,,,,,,,,,,,,,,,,,,,,,,,,,,,,,,,,,,,,,,,,,,,,,,,,,64.8,47,-17.8,1
1/25/22 19:26,1/25/22 19:38,100,724,R_3O1Yag5yWTJQwWW,1,2,74,female,f,5,no,no,100,,,,,,,,,99,,,,,25,,,18,,,,,,82,,,,,,,,,,,18,,,,59,,,,,,,,100,,,,,,,,,,,,,,,,,,,,82,,,,99,,,,,,,,,,,,,,,,,,,,,,,,,,,,,,,,,,,,,,,,,,,,,,,,,,,,,,,,,,,,,,,,,,,,,,,,,,,,,,,,,,,,,,,,,,,,,,,,,,,,,71.6,64.8,-6.8,1
1/25/22 19:27,1/25/22 19:38,100,653,R_31XWR6L6xonUKHp,1,2,32,female,f,3,no,no,,,,,,,,,,,,,,,,,,,,,,,,,,,,,,,,,,,,,,,,,,,,,,,,,,,,,,,,,,,,,,,,,,,,,,,,,,,,,,,,,,,,32,,89,,,,,,,100,,,94,,,,,,,,,,51,,,,,81,,,,,,,,,,,,,,,,,,,19,,,,,,,,,34,,,,,,,,,,,,,50,,,,,,,,,47,,,,,,,,,,,46.2,73.2,27,1
1/25/22 19:24,1/25/22 19:39,100,886,R_3GwCDz1GVjixBdC,1,2,31,female,f,1,yes,no,,,,,,,,,,,,,,,,,,,,,,,,,,,,,,,,,,,,,,,,,,,,,,,,,,,,,,,,,,,,,,,,,,,,,,,,,,,,,,,,34,,,,,,56,,,,,,,66,,,,,53,,,19,,,,,,,39,,,,,,,,,,,,,,,,,,,,59,,,,,,,,,,,,,,81,,,,,,,,81,,,,,,,,,,,,,,,,100,,,,,,72,45.6,-26.4,1
1/25/22 19:35,1/25/22 19:40,100,287,R_2dhD7k2pxcVs2We,1,2,27,female,f,1,yes,no,,,,,,,,,,,,,,,,,,,,,,,,,,,,,,,,,,,,,,,,,,,,,,,,,,,,,,,,,,,,,,,,,,,,,,,,,,,,,,,100,,,,,,100,,,,,,,,66,,,,,,,72,,67,,,,,,,,,,,100,,,,,,,,,,,,,,,,,100,,,,,,,,,,,,,,,100,,,,,,,,,,,52,,,,,,,100,,,,,,,,,90.4,81,-9.4,1
1/25/22 19:36,1/25/22 19:40,100,240,R_264HkvioIiNuKba,1,2,19,female,f,2,yes,no,,,,,,,,,,,,,,,,,,,,,,,,,,,,,,,,,,,,,,,,,,,,,,,,,,,,,,,,,,,,,,,,,,,,,,,,,,,,,,,,,,,,75,,,,80,,,,,,,87,,,,75,,,70,,,,,,,,,,74,,,,,,,,,,,,,,,82,,,,,,,,,,,,,72,,,,,,80,,,,,,,,,,,,,,,,,,,,74,,,,,,76.4,77.4,1,1
1/25/22 19:34,1/25/22 19:40,100,372,R_3ho3N1tsISfuNYq,1,2,32,Female ,f,4,yes,no,,,,,64,,,,80,,,,,,82,60,,,,,,71,,,,,,,,,,42,,,,,,,,,,,,,59,,,,,61,,,,,,,,,37,,,,,,,,,,,,,70,,,,,,,,,,,,,,,,,,,,,,,,,,,,,,,,,,,,,,,,,,,,,,,,,,,,,,,,,,,,,,,,,,,,,,,,,,,,,,,,,,,,,,,,,,,,,,,,,,,,53.8,71.4,17.6,1
1/25/22 19:32,1/25/22 19:40,100,488,R_1LGrWWcZT6eS3Yg,1,2,21,Female,f,2,no,no,,,,,,,,,,,,,,,,,,,,,,,,,,,,,,,,,,,,,,,,,,,,,,,,,,,,,,,,,,,,,,,,,,,,,,,,,,,,,,,,,,90,,,90,,,,,,,,,,80,,90,,,,,,,80,,,90,,,,,,,,,,,,,,,,,,90,,,,,,,,,,,,,,,,90,,,,,,,,,,,,90,,,,,,,,,,,,,,,,,90,,90,86,-4,1
1/25/22 19:28,1/25/22 19:40,100,717,R_2wNbLk70KS69uLd,1,2,25,Female,f,2,yes,yes once,,,,,,,,,,,,,,,,,,,,,,,,,,,,,,,,,,,,,,,,,,,,,,,,,,,,,,,,,,,,,,,,,,,,,,,,,,,,,,,,,72,,,,,,,,71,,,,67,,,,,70,,,,,61,,,,,,,,,,,,,,81,,,,,70,,,,,,,,,,,,,,,,,,,,,,68,,,,,,,,,,74,,,,,,,,,,,,,,60,,,,70.6,68.2,-2.4,1
1/25/22 19:34,1/25/22 19:40,100,367,R_3fOACvUNqmp1aUC,1,1,,,,,,,,,,,,,,,,,,,,,,,,,,,,,,,,,,,,,,,,,,,,,,,,,,,,,,,,,,,,,,,,,,,,,,,,,,,,,,,,,,,,,,,,,,,,,,,,,,,,,,,,,,,,,,,,,,,,,,,,,,,,,,,,,,,,,,,,,,,,,,,,,,,,,,,,,,,,,,,,,,,,,,,,,,,,,,,,,,,,,
1/25/22 19:33,1/25/22 19:41,100,487,R_31EMAU796mH2mre,1,2,46,female,f,2,yes,no,,,,,,,,,,,,,,,,,,,,,,,,,,,,,,,,,,,,,,,,,,,,,,,,,,,,,,,,,,,,,,,,,,,,,,,,,,,,,,,,,,,,77,91,,,,,,,,,,83,,,,87,,,,,,85,,,,,55,,,,,,,,,,,,,,,,88,,,,,,,,,,,,79,,,,,,,,,,,,,,,,,,,,87,,,,,,,,,,,,,81,78,84.6,6.6,1
1/25/22 19:34,1/25/22 19:41,100,420,R_2rOAcnMIEnnGFEr,1,2,53,Female,f,6,yes,yes once,51,,,,,80,,,,,,,57,,,,86,,,,91,,,,,,,,,50,,,,,,,92,,,,,,,,,,,99,,,,,,,,,,,,,91,,,,,,,,,,,,,91,,,,,,,,,,,,,,,,,,,,,,,,,,,,,,,,,,,,,,,,,,,,,,,,,,,,,,,,,,,,,,,,,,,,,,,,,,,,,,,,,,,,,,,,,,,,,,,,,,84.6,73,-11.6,1
1/25/22 19:34,1/25/22 19:41,100,418,R_DOwOgPbqjTN4FVL,1,2,22,Male,m,6,no,no,,60,,,,70,,,,,,50,,,,,,,,50,,,,70,,,,,,,,,,60,,,,,,,,,,80,,,,,,,,50,,,,,,,,,,,,,,85,,,,,,,,,,,80,,,,,,,,,,,,,,,,,,,,,,,,,,,,,,,,,,,,,,,,,,,,,,,,,,,,,,,,,,,,,,,,,,,,,,,,,,,,,,,,,,,,,,,,,,,,,,,71,60,-11,1
1/25/22 19:35,1/25/22 19:41,100,377,R_d7pA0uWsBSIk7Qt,1,2,29,Female,f,4,yes,yes once,,,,93,,,,,,85,,,,83,,,,59,,,,,,,39,,,,74,,,,,,,,,,,42,,,,,,,,,,,,,2,,,,,,,,,,,32,,,,,,,,,3,,,,,,,,,,,,,,,,,,,,,,,,,,,,,,,,,,,,,,,,,,,,,,,,,,,,,,,,,,,,,,,,,,,,,,,,,,,,,,,,,,,,,,,,,,,,,,,,,,,30.6,71.8,41.2,1
1/25/22 19:33,1/25/22 19:41,100,527,R_1DDcxJSj7zW9ZIc,1,2,48,female,f,3,yes,yes once,,,,,,,,,,,,,,,,,,,,,,,,,,,,,,,,,,,,,,,,,,,,,,,,,,,,,,,,,,,,,,,,,,,,,,,,,,,,,,,,,,,50,,,,,,60,,,,,,77,,,,55,,,,55,,,,,,,,55,,,,,,,,,,,,,,,,,,70,,,,,,,54,,,,,,,,,,,,,,,,,62,,,,,,,,62,,,,,,,,,,,60.6,59.4,-1.2,1
1/25/22 19:37,1/25/22 19:43,100,350,R_1FgMMvxjqMAXTOB,1,2,31,Female,f,3,yes,no,,,,,,,,,,,,,,,,,,,,,,,,,,,,,,,,,,,,,,,,,,,,,,,,,,,,,,,,,,,,,,,,,,,,,,,,,,,,,,,,,,82,,,25,,,,,,,,,70,,,56,,,,,,,54,,,,58,,,,,,,,,,,,,,,,,,,,55,,,,,,,,,26,,,,,,,,,,,21,,,,,,,,,,,,,,,,,,,,31,,,,38.2,57.4,19.2,1
1/25/22 19:40,1/25/22 19:43,100,208,R_Z4NPioRs6KzWR69,1,2,22,Male,m,3,yes,yes once,,,,,,,,,,,,,,,,,,,,,,,,,,,,,,,,,,,,,,,,,,,,,,,,,,,,,,,,,,,,,,,,,,,,,,,,,,,,,,,,75,,,,,,40,,,,,,,80,,,,100,,,,50,,,,,,,,,,,,,,80,,,,,,,,,80,,,,,,,,,,,,90,,,,,,,,,,,100,,,,,,,,,,,,,80,,,,,,,,,,,,86,69,-17,1
1/25/22 19:36,1/25/22 19:46,100,599,R_cISxQylLbJbdDc5,1,2,58,female,f,3,yes,no,,,,,,,,,,,,,,,,,,,,,,,,,,,,,,,,,,,,,,,,,,,,,,,,,,,,,,,,,,,,,,,,,,,,,,,,,,,,,,,,,,,91,,,75,,,,,,,,87,,90,,,,,,,,,86,,,,,,,,,,,83,,,,,,85,,,,,,,,,,,,77,,,,,,,,,,,,,,,,,,,,,,,75,,,,,,,,,,,,81,,,80.2,85.8,5.6,1
1/25/22 19:42,1/25/22 19:46,100,251,R_3NvLVaRcy03IDyQ,1,2,30,Male,m,1,yes,no,,,,,,,,,,,,,,,,,,,,,,,,,,,,,,,,,,,,,,,,,,,,,,,,,,,,,,,,,,,,,,,,,,,,,,,,,,,,,,,,,,,60,,,,,50,,,,30,,,,,,50,,,,,50,,,,,,,,,50,,,,,,,,,50,,,,,,,,,,,,,,,,,,70,,,,,,,,,,,,,50,,,,,,,,,,,,,90,,,,,,,62,48,-14,1
1/25/22 19:39,1/25/22 19:46,100,470,R_1flRn20VMJFKvjt,1,2,27,female,f,3,no,no,,,,,,,,,,,,,,,,,,,,,,,,,,,,,,,,,,,,,,,,,,,,,,,,,,,,,,,,,,,,,,,,,,,,,,,,,,,,,,,,,,92,,,,,81,,,,,,90,,,88,,,,,,,,,,50,,,98,,,,,,,,,,,58,,,,,,,,,,,,,,,,,,,,,,,56,,,,,,,,,,,,50,,,,,,,,,,,,99,,,,,72.2,80.2,8,1
1/25/22 19:41,1/25/22 19:48,100,435,R_1ISJj5fdrdxCZ5K,1,2,26,female ,f,4,yes,yes once,,,,,62,,,70,,,,,,33,,,50,,,,,,50,,,,,,,,69,,,,,,,,,70,,,,,,,,,,,,,,,,53,,,,,,,83,,,,,53,,,,,,,,,,,,,,,,,,,,,,,,,,,,,,,,,,,,,,,,,,,,,,,,,,,,,,,,,,,,,,,,,,,,,,,,,,,,,,,,,,,,,,,,,,,,,,,,,,,,,,,,65.6,53,-12.6,1
1/25/22 19:25,1/25/22 19:48,100,1389,R_31sK2zFqx2UTcBs,1,2,34,Male,m,3,yes,yes once,,,,,,,,,,,,,,,,,,,,,,,,,,,,,,,,,,,,,,,,,,,,,,,,,,,,,,,,,,,,,,,,,,,,,,,,,,,,,,,33,,,,,,,,39,,,,50,,,,,,,,58,,,1,,,,,,,,,,,,,,,,31,,,,,53,,,,,,,,,,,44,,,,,,,,,,,,,,,,,,,,44,,,,,,,,52,,,,,,,,,,44.8,36.2,-8.6,1
1/25/22 19:44,1/25/22 19:49,100,314,R_Z9T1AvPX57Stckh,1,2,30,male,m,3,yes,yes once,,,,,,,,,,,,,,,,,,,,,,,,,,,,,,,,,,,,,,,,,,,,,,,,,,,,,,,,,,,,,,,,,,,,,,,,,,,,,,,,80,,,,,91,,,,,82,,,,,,,,61,,,,,,85,,,,,,,55,,,,,,,,,,,,,,,,75,,,,,,,,,,40,,,,,,,,,,,,,,,,,,,50,,,,,,,,,,,,,,61,,56.2,79.8,23.6,1
1/25/22 19:49,1/25/22 19:49,100,38,R_6zXFs5U1jFTV16N,1,1,,,,,,,,,,,,,,,,,,,,,,,,,,,,,,,,,,,,,,,,,,,,,,,,,,,,,,,,,,,,,,,,,,,,,,,,,,,,,,,,,,,,,,,,,,,,,,,,,,,,,,,,,,,,,,,,,,,,,,,,,,,,,,,,,,,,,,,,,,,,,,,,,,,,,,,,,,,,,,,,,,,,,,,,,,,,,,,,,,,,,
1/25/22 19:36,1/25/22 19:50,100,821,R_2aQgjf2n9a53Cnf,1,2,33,Male,m,6,yes,no,,,21,,,,,26,,,,77,,,,,,,77,,,,,32,,,,,,,,,0,,,,89,,,,,,,,,,,,,,91,,,,,,,,,,,1,,,,,,,,,,,,,,,,0,,,,,,,,,,,,,,,,,,,,,,,,,,,,,,,,,,,,,,,,,,,,,,,,,,,,,,,,,,,,,,,,,,,,,,,,,,,,,,,,,,,,,,,,,,,,,,36.2,46.6,10.4,1
1/25/22 19:48,1/25/22 19:51,100,190,R_2zUqO6R1PCWat1A,1,2,28,Male,m,3,yes,no,,,,,,,,,,,,,,,,,,,,,,,,,,,,,,,,,,,,,,,,,,,,,,,,,,,,,,,,,,,,,,,,,,,,,,,,,,,,,,,,50,,,,,,45,,,,,,,,45,,,,,0,,,,,,,50,,,,,,,,,,,,,100,,,,,45,,,,,,,,,,,,,,,,,,,,55,,50,,,,,,,,,,,,,,,,,,,,85,,,,,,67,38,-29,1
1/25/22 19:37,1/25/22 19:52,100,899,R_2wNqFiSpBRbHyyV,1,2,49,male,m,1,yes,yes once,,,,,,,,,,,,,,,,,,,,,,,,,,,,,,,,,,,,,,,,,,,,,,,,,,,,,,,,,,,,,,,,,,,,,,,,,,,,,,,,,55,,,,,,,,65,,,,,,57,,,,,59,65,,,,,,,,,,,,,,,,,,63,,,,,,,,,,,,56,,64,,,,,,,,,,,,,,,,,,46,,,,,,,,,,,83,,,,,,,,,,62.4,60.2,-2.2,1
1/25/22 19:49,1/25/22 19:52,100,203,R_3R9JxVQWoqwvFuf,1,2,33,Male,m,3,yes,no,,,,,,,,,,,,,,,,,,,,,,,,,,,,,,,,,,,,,,,,,,,,,,,,,,,,,,,,,,,,,,,,,,,,,,,,,,,,,,,,,50,,,,,,,75,,,,,,,65,59,,,,,,57,,,,,,,,47,,,,,,,,,,,,,,,,,,,,53,,,,,,,,,52,,,,,,,,,,,,,,,,,,49,,60,,,,,,,,,,,,,52.2,61.2,9,1
1/25/22 19:26,1/25/22 19:53,100,1591,R_2WTeTNRKAJCbbsh,1,2,57,Female,f,4,yes,no,,,,,80,,77,,,,80,,,,,,,,90,,61,,,,,,,72,,,,,,,,,,,,,,50,,,,,,,,,,,,82,,,,92,,,,,,,,,,,,,,,,,39,,,,,,,,,,,,,,,,,,,,,,,,,,,,,,,,,,,,,,,,,,,,,,,,,,,,,,,,,,,,,,,,,,,,,,,,,,,,,,,,,,,,,,,,,,,,,,,,,67,77.6,10.6,2
1/25/22 19:43,1/25/22 19:53,100,609,R_3Ra16wtkelLHqQK,1,2,33,Male,m,3,yes,no,,,,,,,,,,,,,,,,,,,,,,,,,,,,,,,,,,,,,,,,,,,,,,,,,,,,,,,,,,,,,,,,,,,,,,,,,,,,,,,,,,,,85,,,,,88,,,,80,,,,72,,,,,,,,80,,,,,,,,,,90,,,,,,,90,,,,,,,,,,,95,,,,,,,,,,,,,,,,,,,,,,,,,75,,,,,,95,,,,,,,,89,81,-8,1
1/25/22 19:49,1/25/22 19:53,100,227,R_To4ItwrSLPVHvP3,1,2,39,male,m,4,no,no,65,,,,,,62,,,,,,,,67,,,63,,,,,,,63,,,,63,,,,,,,,,,,,,,64,,,,,,47,,,,,,,,,,,,,,,75,,,,,,,,62,,,,,,,,,,,,,,,,,,,,,,,,,,,,,,,,,,,,,,,,,,,,,,,,,,,,,,,,,,,,,,,,,,,,,,,,,,,,,,,,,,,,,,,,,,,,,,,,,,,,62.2,64,1.8,1
1/25/22 19:47,1/25/22 19:54,100,403,R_1QilrTNK1rSgcTy,1,2,54,Female,f,4,no,yes once,,97,,,,,,,100,,,,40,,,89,,,,,,70,,,,,,,,,,,100,,,,,100,,,,,,,,,,,,,,,100,,,,,100,,,,,,,,,,,,,,,,,,,100,,,,,,,,,,,,,,,,,,,,,,,,,,,,,,,,,,,,,,,,,,,,,,,,,,,,,,,,,,,,,,,,,,,,,,,,,,,,,,,,,,,,,,,,,,,,,,,100,79.2,-20.8,1
1/25/22 19:41,1/25/22 19:54,100,751,R_C4j1CYGPbUEO1hv,1,2,21,female,f,5,no,yes once,75,,,,,,83,,,,86,,,,,,,,,85,55,,,,,,,,,,,,,,,57,,,53,,,,,,,,,,,,,,,,94,,,,61,,,,,,,,,,,,,,,,,90,,,,,,,,,,,,,,,,,,,,,,,,,,,,,,,,,,,,,,,,,,,,,,,,,,,,,,,,,,,,,,,,,,,,,,,,,,,,,,,,,,,,,,,,,,,,,,,,71,76.8,5.8,1
1/25/22 19:53,1/25/22 19:54,100,68,R_2Cmk7ikH1e5FnX1,1,5,,,,,,,,,,,,,,,,,,,,,,,,,,,,,,,,,,,,,,,,,,,,,,,,,,,,,,,,,,,,,,,,,,,,,,,,,,,,,,,,,,,,,,,,,,,,,,,,,,,,,,,,,,,,,,,,,,,,,,,,,,,,,,,,,,,,,,,,,,,,,,,,,,,,,,,,,,,,,,,,,,,,,,,,,,,,,,,,,,,,,
1/25/22 19:54,1/25/22 19:54,100,32,R_3CWxlVDwkA7i9m0,1,1,,,,,,,,,,,,,,,,,,,,,,,,,,,,,,,,,,,,,,,,,,,,,,,,,,,,,,,,,,,,,,,,,,,,,,,,,,,,,,,,,,,,,,,,,,,,,,,,,,,,,,,,,,,,,,,,,,,,,,,,,,,,,,,,,,,,,,,,,,,,,,,,,,,,,,,,,,,,,,,,,,,,,,,,,,,,,,,,,,,,,
1/25/22 19:49,1/25/22 19:55,100,343,R_3PdHyZaPq9QtyeM,1,2,39,Male,m,5,yes,no,,70,,,,,,,,70,,75,,,,,80,,,,,,85,,,,70,,,,,,,,,,,,,,,,,,85,,70,,,,,,,,,,,,,,,,,,80,,,80,,,,,,,,,,,,,,,,,,,,,,,,,,,,,,,,,,,,,,,,,,,,,,,,,,,,,,,,,,,,,,,,,,,,,,,,,,,,,,,,,,,,,,,,,,,,,,,,,,,,,,,,77,76,-1,1
1/25/22 19:48,1/25/22 19:55,100,380,R_1Nt4x9A2ccZHC5z,1,2,31,Male,m,1,yes,yes once,,,,,,,,,,,,,,,,,,,,,,,,,,,,,,,,,,,,,,,,,,,,,,,,,,,,,,,,,,,,,,,,,,,,,,,,,,,,,,,,,,,,,,,81,,,,,52,,,,,,99,,,,,,,87,,100,,,,,,,,,,,,,,,,,,,,,84,,,,,,,,65,,,,,,,,,,,,,,,,58,,,,,,,,,53,,,,,,,,,,,72,79.75,7.75,1
1/25/22 19:47,1/25/22 19:55,100,534,R_2tgk2YPkPDJsDFj,1,2,34,male,m,2,yes,no,,,,,,,,,,,,,,,,,,,,,,,,,,,,,,,,,,,,,,,,,,,,,,,,,,,,,,,,,,,,,,,,,,,,,,,,,,,,,,,82,,,,,,,,81,,,,,,72,,,,,,,71,,,82,,,,,,,,,,,75,,,,,,,,,,,82,,,,,,,,,,,,,85,,,,,,,,,,,,,91,,,,,,,,,,,,72,,,,,,,,,81,77.6,-3.4,1
1/25/22 19:53,1/25/22 19:58,100,304,R_2y763rQMAqcksqj,1,2,35,male,m,4,yes,yes once,,,32,,,45,,,,,,,,,18,,,,53,,,37,,,,,,,,,,,,51,,,,,,,,68,,,,,,77,,,,,,,,,,,,,,,,,,,47,,,,,,72,,,,,,,,,,,,,,,,,,,,,,,,,,,,,,,,,,,,,,,,,,,,,,,,,,,,,,,,,,,,,,,,,,,,,,,,,,,,,,,,,,,,,,,,,,,,,,,,,,,63,37,-26,1
1/25/22 19:50,1/25/22 19:58,100,520,R_38KzfPtmYGuWcH7,1,2,62,Female,f,4,no,no,,,,91,,,,86,,,,,54,,,,,,,91,,,,82,,,,,,,,84,,,,,,,,,,,,,,94,,,,,,51,,,,,,,,,,,,,,93,,,61,,,,,,,,,,,,,,,,,,,,,,,,,,,,,,,,,,,,,,,,,,,,,,,,,,,,,,,,,,,,,,,,,,,,,,,,,,,,,,,,,,,,,,,,,,,,,,,,,,,,,,,76.6,80.8,4.2,1
1/25/22 19:54,1/25/22 19:59,100,249,R_1MQIadqzjSSslJ9,1,2,41,Male,m,4,yes,no,,,,,19,,,,24,,,,,15,,19,,,,,,,,,19,,,,,,17,,,,,,,,,,,,,13,,,,,,,,,,20,,,,,,19,,,,,,,,,,,,,,20,,,,,,,,,,,,,,,,,,,,,,,,,,,,,,,,,,,,,,,,,,,,,,,,,,,,,,,,,,,,,,,,,,,,,,,,,,,,,,,,,,,,,,,,,,,,,,,,,,17.8,19.2,1.4,1
1/25/22 19:56,1/25/22 20:01,100,282,R_28zznjpdpjvyai4,1,2,29,male,m,4,yes,no,,,60,,,,,,,65,60,,,,,,,65,,,70,,,,,,,,,,,,,,75,,,,,,50,,,,,,,,,,,,,,,54,,,,,55,,,,,,,,,,,,,,,45,,,,,,,,,,,,,,,,,,,,,,,,,,,,,,,,,,,,,,,,,,,,,,,,,,,,,,,,,,,,,,,,,,,,,,,,,,,,,,,,,,,,,,,,,,,,,,,,55.8,64,8.2,1
1/25/22 19:52,1/25/22 20:01,100,545,R_3FXJfwzJW1oz1cV,1,2,33,female,f,2,yes,yes once,,,,,,,,,,,,,,,,,,,,,,,,,,,,,,,,,,,,,,,,,,,,,,,,,,,,,,,,,,,,,,,,,,,,,,,,,,,,,,,,,,,,61,,81,,,,,,,69,,,,78,,,,,,,,,61,,,97,,,,,,,,,,,,,,,,,,,,,,,87,,,,,,,,,,,95,,,,83,,,,,,,,,,,,,,,,,,,,,,87,,,89.8,70,-19.8,1
1/25/22 19:52,1/25/22 20:04,100,685,R_3Jws9kFAqRGH80Z,1,2,61,male,m,3,yes,no,,,,,,,,,,,,,,,,,,,,,,,,,,,,,,,,,,,,,,,,,,,,,,,,,,,,,,,,,,,,,,,,,,,,,,,,,,,,,,,,,,,50,,,,,,50,,,50,,,,,,,,55,,,,50,,,,,,,,,50,,,,,,,55,,,,,,,,,,,,,,,,,,,,,,55,,,,,,,,50,,,,,,,,,,,,,,,,,,,,,60,54,51,-3,1
1/25/22 20:03,1/25/22 20:06,100,178,R_7PUtOSkEedZJrUJ,1,2,23,Male,m,2,yes,yes once,,,,,,,,,,,,,,,,,,,,,,,,,,,,,,,,,,,,,,,,,,,,,,,,,,,,,,,,,,,,,,,,,,,,,,,,,,,,,,,45,,,,,,87,,,,,,,,55,,,,,,45,,52,,,,,,,,,,,,,,,90,,,,,,,,,,66,,,,,,,,,62,,,,,,,,,,,,,,,,,,,,72,,,,,,,,,,,,92,,,,,76.4,56.8,-19.6,1
1/25/22 20:05,1/25/22 20:06,100,46,R_22QB4BgpcpTnqt8,1,1,,,,,,,,,,,,,,,,,,,,,,,,,,,,,,,,,,,,,,,,,,,,,,,,,,,,,,,,,,,,,,,,,,,,,,,,,,,,,,,,,,,,,,,,,,,,,,,,,,,,,,,,,,,,,,,,,,,,,,,,,,,,,,,,,,,,,,,,,,,,,,,,,,,,,,,,,,,,,,,,,,,,,,,,,,,,,,,,,,,,,
1/25/22 20:05,1/25/22 20:06,100,45,R_1f8exvHZWdQaGix,1,1,,,,,,,,,,,,,,,,,,,,,,,,,,,,,,,,,,,,,,,,,,,,,,,,,,,,,,,,,,,,,,,,,,,,,,,,,,,,,,,,,,,,,,,,,,,,,,,,,,,,,,,,,,,,,,,,,,,,,,,,,,,,,,,,,,,,,,,,,,,,,,,,,,,,,,,,,,,,,,,,,,,,,,,,,,,,,,,,,,,,,
1/25/22 20:06,1/25/22 20:07,100,97,R_1rlGu09aeBCdv1S,1,2,20,Male,m,3,no,no,,,,,,,,,,,,,,,,,,,,,,,,,,,,,,,,,,,,,,,,,,,,,,,,,,,,,,,,,,,,,,,,,,,,,,,,,,,,,,,,,,50,,,,,50,,,,,50,,,,,,,50,,,,,,50,,,,,,,,,,,,50,,,,,,50,,,,,,,,,,,,,,,,,,,,,,50,,,,,,,,50,,,,,,,,,,,,50,,,,,,,50,50,0,1
1/25/22 20:07,1/25/22 20:08,100,36,R_31sbZbxe3hRl1rQ,1,1,,,,,,,,,,,,,,,,,,,,,,,,,,,,,,,,,,,,,,,,,,,,,,,,,,,,,,,,,,,,,,,,,,,,,,,,,,,,,,,,,,,,,,,,,,,,,,,,,,,,,,,,,,,,,,,,,,,,,,,,,,,,,,,,,,,,,,,,,,,,,,,,,,,,,,,,,,,,,,,,,,,,,,,,,,,,,,,,,,,,,
1/25/22 19:59,1/25/22 20:12,100,756,R_1jq8Bo6LDF6eLxD,1,2,50,Male,m,4,yes,no,60,,,,,75,,,,,,,50,,,,45,,,,,,,49,,,,50,,,,,,,,,,,,70,,,,,,,,,,80,,,,,,,,,,,,,,,70,,,,,55,,,,,,,,,,,,,,,,,,,,,,,,,,,,,,,,,,,,,,,,,,,,,,,,,,,,,,,,,,,,,,,,,,,,,,,,,,,,,,,,,,,,,,,,,,,,,,,,,,,,,,65,55.8,-9.2,1
1/25/22 19:57,1/25/22 20:14,100,1022,R_2Y9yMoq7P2XFaW2,1,2,41,fem,f,2,yes,no,,,,,,,,,,,,,,,,,,,,,,,,,,,,,,,,,,,,,,,,,,,,,,,,,,,,,,,,,,,,,,,,,,,,,,,,,,,,,,,,,,,50,,56,,,,,,,,56,,,,,56,,,45,,,,,,,,,,,,,,,,48,,,,,,,,,,,,51,,,,,,,,,,,57,,,,,,,,,56,,,,,,,,,,,50,,,,,,,,,,,,52.4,52.6,0.2,1
1/25/22 20:05,1/25/22 20:15,100,582,R_tGsf1zjX64IGXPX,1,2,28,male,m,3,yes,yes once,,,,,,,,,,,,,,,,,,,,,,,,,,,,,,,,,,,,,,,,,,,,,,,,,,,,,,,,,,,,,,,,,,,,,,,,,,,,,,,,55,,,,,,,,71,,,67,,,,,73,,,,,,,,50,,,,,,,,,,,,,,50,,,,,,,,,,,,50,,,,,84,,,,,,,,,,,,,,,,,,,,,15,,,,,50,,,,,,,,,,,49.8,63.2,13.4,1
1/25/22 20:00,1/25/22 20:15,100,895,R_2PaRRjUkKCck6WL,1,2,80,male,m,1,yes,no,,,,,,,,,,,,,,,,,,,,,,,,,,,,,,,,,,,,,,,,,,,,,,,,,,,,,,,,,,,,,,,,,,,,,,,,,,,,,,,,,,,,50,,,,30,,,80,,,,,,,,,70,,,,,,51,,50,,,,,,,,,,,,,100,,,,,,,,,,,,,,,,,,,,100,,,,,,,90,,,,,,,,,,,,,,,,,,100,,,,,,88,56.2,-31.8,1
1/25/22 20:05,1/25/22 20:15,100,594,R_1Qyhpas9NeQ45D0,1,2,26,Male,m,3,yes,yes once,,,,,,,,,,,,,,,,,,,,,,,,,,,,,,,,,,,,,,,,,,,,,,,,,,,,,,,,,,,,,,,,,,,,,,,,,,,,,,,,,85,,,,,,,,95,,,,85,,,99,,,,,,70,,,,,,55,,,,,,,,,,,,,,,,,,,,,,,,10,25,,,,,,,,,,,,,,,20,,,,,,,,,,,,,,,,,,,,50,,,,32,86.8,54.8,1
1/25/22 20:07,1/25/22 20:15,100,504,R_22lgARUhdir5vwV,1,2,34,Male,m,3,yes,no,,,,,,,,,,,,,,,,,,,,,,,,,,,,,,,,,,,,,,,,,,,,,,,,,,,,,,,,,,,,,,,,,,,,,,,,,,,,,,,,50,,,,,,50,,,,,,,,50,,,70,,,,,,75,,,,,,50,,,,,,,,,,,,,,,,,,,,50,,,,,,,,,,,,,,,50,,,50,,,,,,,,,,,,,,,,,65,,,,,,,,53,59,6,1
1/25/22 20:08,1/25/22 20:16,100,442,R_qxBAVUX5M6NqAEN,1,2,57,female,f,5,yes,yes once,,,,,56,,,,58,,,,,64,,69,,,,,,,75,,,,,,,,,,,,,81,,,,,,,,61,,,59,,,,,,,,,,,,74,,,,,,,,,,,,,,,,,,,62,,,,,,,,,,,,,,,,,,,,,,,,,,,,,,,,,,,,,,,,,,,,,,,,,,,,,,,,,,,,,,,,,,,,,,,,,,,,,,,,,,,,,,,,,,,,,,67.4,64.4,-3,1
1/25/22 20:10,1/25/22 20:19,100,557,R_2Sdg8KCzC7mAkEl,1,2,66,female,f,4,yes,no,,,,50,,,40,,,,,,,,61,,,,78,,87,,,,,72,,,,,,,,,,,,,82,,,,,,,,,,,,,,,,72,,,,,72,,,,,,,,,,,88,,,,,,,,,,,,,,,,,,,,,,,,,,,,,,,,,,,,,,,,,,,,,,,,,,,,,,,,,,,,,,,,,,,,,,,,,,,,,,,,,,,,,,,,,,,,,,,,,,,,,77.2,63.2,-14,1
1/25/22 20:12,1/25/22 20:21,100,535,R_3McyxQ9asgZuK3i,1,2,33,Male,m,5,yes,yes regularly,,100,,,,,,,,90,100,,,,,,,90,,,,,,,100,,,,,,100,,,,,,,,,,,,100,,,,,,,,95,,,,,,,,,,100,,,,,,,,,,,,,,95,,,,,,,,,,,,,,,,,,,,,,,,,,,,,,,,,,,,,,,,,,,,,,,,,,,,,,,,,,,,,,,,,,,,,,,,,,,,,,,,,,,,,,,,,,,,,,,,,98,96,-2,1
1/25/22 20:15,1/25/22 20:22,100,366,R_1l02BJOu1v8DWph,1,2,25,Male,m,1,yes,yes once,,,,,,,,,,,,,,,,,,,,,,,,,,,,,,,,,,,,,,,,,,,,,,,,,,,,,,,,,,,,,,,,,,,,,,,,,,,,,,,,,,,85,,90,,,,,,,,,,100,,,,65,,,65,,,,,,,,,,,,,,,,,35,,,70,,,,,,,,,,,,,,,50,,,,,,,,,,,,,80,,,,,,,,,,,,,,,,,,,,,75,62,81,19,1
1/25/22 20:18,1/25/22 20:23,100,345,R_24AvL8BoW9L6ppJ,1,2,57,Female,f,6,no,no,,,,39,,,,50,,,,53,,,,,,41,,,,50,,,,,,,,,,,,61,,,,,,,,69,,,,,,,,,,50,,,,,,,,,,,59,,,,,,,62,,,,,,,,,,,,,,,,,,,,,,,,,,,,,,,,,,,,,,,,,,,,,,,,,,,,,,,,,,,,,,,,,,,,,,,,,,,,,,,,,,,,,,,,,,,,,,,,,,,,,,60.2,46.6,-13.6,1
1/25/22 20:20,1/25/22 20:23,100,205,R_3qx3bAPqoLXwg7e,1,1,,,,,,,,,,,,,,,,,,,,,,,,,,,,,,,,,,,,,,,,,,,,,,,,,,,,,,,,,,,,,,,,,,,,,,,,,,,,,,,,,,,,,,,,,,,,,,,,,,,,,,,,,,,,,,,,,,,,,,,,,,,,,,,,,,,,,,,,,,,,,,,,,,,,,,,,,,,,,,,,,,,,,,,,,,,,,,,,,,,,,
1/25/22 20:27,1/25/22 20:27,100,34,R_325B0lm4F1DYNBY,1,1,,,,,,,,,,,,,,,,,,,,,,,,,,,,,,,,,,,,,,,,,,,,,,,,,,,,,,,,,,,,,,,,,,,,,,,,,,,,,,,,,,,,,,,,,,,,,,,,,,,,,,,,,,,,,,,,,,,,,,,,,,,,,,,,,,,,,,,,,,,,,,,,,,,,,,,,,,,,,,,,,,,,,,,,,,,,,,,,,,,,,
1/25/22 20:27,1/25/22 20:27,100,17,R_3sBwsLuiwprznj7,1,1,,,,,,,,,,,,,,,,,,,,,,,,,,,,,,,,,,,,,,,,,,,,,,,,,,,,,,,,,,,,,,,,,,,,,,,,,,,,,,,,,,,,,,,,,,,,,,,,,,,,,,,,,,,,,,,,,,,,,,,,,,,,,,,,,,,,,,,,,,,,,,,,,,,,,,,,,,,,,,,,,,,,,,,,,,,,,,,,,,,,,
1/25/22 20:03,1/25/22 20:31,100,1627,R_1itGwxLNwc1p320,1,2,40,female,f,5,yes,yes once,,85,,,,,12,,,,65,,,,,,,,,50,,,,,60,,,,,,,100,,,,,,,,,72,,,,,,,,,,,,,,100,,,,,,,,,,,,70,,,,,,80,,,,,,,,,,,,,,,,,,,,,,,,,,,,,,,,,,,,,,,,,,,,,,,,,,,,,,,,,,,,,,,,,,,,,,,,,,,,,,,,,,,,,,,,,,,,,,,,,,,84.4,54.4,-30,1
1/25/22 20:11,1/25/22 20:32,100,1295,R_2CIhESetkZFKY2W,1,2,49,male,m,6,no,no,,,,,20,,,100,,,,50,,,,,,,80,,,80,,,,100,,,,,,,,,,,,,,,,,,,100,,,,,100,,,,,,,,,,,,,,100,,,,,,,,,,100,,,,,,,,,,,,,,,,,,,,,,,,,,,,,,,,,,,,,,,,,,,,,,,,,,,,,,,,,,,,,,,,,,,,,,,,,,,,,,,,,,,,,,,,,,,,,,,,,,100,66,-34,1
1/25/22 20:24,1/25/22 20:35,100,676,R_2xxROo5gSgxm9Oj,1,2,31,female,f,6,yes,yes once,30,,,,,92,,,,,,,,87,,,,,,40,,,80,,,,,,,,,,,,21,,100,,,,,,,,,,,,,,,,,,,,70,81,,,,,,,,,,,19,,,,,,,,,,,,,,,,,,,,,,,,,,,,,,,,,,,,,,,,,,,,,,,,,,,,,,,,,,,,,,,,,,,,,,,,,,,,,,,,,,,,,,,,,,,,,,,,,,,,,,,58.2,65.8,7.6,1
1/25/22 20:07,1/25/22 20:38,100,1848,R_1fiIBeTceLBdfZc,1,2,44,female,f,4,yes,yes once,,,72,,,,,,,83,,,81,,,,92,,,,71,,,,,,,,,39,,,,,,,,40,,,,,,,,,,,31,,,,,,,,,,,,,,,,,12,,,,,,,,,,,,19,,,,,,,,,,,,,,,,,,,,,,,,,,,,,,,,,,,,,,,,,,,,,,,,,,,,,,,,,,,,,,,,,,,,,,,,,,,,,,,,,,,,,,,,,,,,,,28.2,79.8,51.6,1
1/25/22 20:30,1/25/22 20:39,100,562,R_1MYsdY6NG3551r6,1,2,45,Female,f,5,yes,yes once,,50,,,,,,,100,,,,,,40,95,,,,,,,,85,,,,,,,,,,,,100,,,,,,,,,,100,,,,,,,90,,,,,,,,,100,,,,,,,,,,95,,,,,,,,,,,,,,,,,,,,,,,,,,,,,,,,,,,,,,,,,,,,,,,,,,,,,,,,,,,,,,,,,,,,,,,,,,,,,,,,,,,,,,,,,,,,,,,,,,,,97,74,-23,1
1/25/22 20:34,1/25/22 20:42,100,452,R_1mVkx0LNgZar2J8,1,2,24,male,m,5,yes,yes regularly,,,,,51,,,100,,,,,100,,,,,,,80,,,,,48,,,,,,,,9,,,,,,,,,,,,,100,,100,,,,,,,,,,,,,,,,,,100,,100,,,,,,,,,,,,,,,,,,,,,,,,,,,,,,,,,,,,,,,,,,,,,,,,,,,,,,,,,,,,,,,,,,,,,,,,,,,,,,,,,,,,,,,,,,,,,,,,,,,,,,,,81.8,75.8,-6,1
1/25/22 20:39,1/25/22 20:43,100,236,R_2fblIpV63ihNnxf,1,2,39,male,m,6,yes,yes regularly,,,1,,,,67,,,,33,,,,,,,51,,,,,,28,,,,,84,,,,,,,,,,,,,,85,,,,,,,,,,,63,,,,65,,,,,,,,,,,,,,,,,73,,,,,,,,,,,,,,,,,,,,,,,,,,,,,,,,,,,,,,,,,,,,,,,,,,,,,,,,,,,,,,,,,,,,,,,,,,,,,,,,,,,,,,,,,,,,,,,,,74,36,-38,1
1/25/22 20:42,1/25/22 20:51,100,527,R_1OCQGUUF2mg6GCK,1,2,53,Male,m,5,no,no,70,,,,,,,,,82,,,,,50,,65,,,,,,50,,,,90,,,,,,,,,,95,,,,,,,,,,,,,,,,,,,92,,,94,,,,,,,,,,,,,,,,,,86,,,,,,,,,,,,,,,,,,,,,,,,,,,,,,,,,,,,,,,,,,,,,,,,,,,,,,,,,,,,,,,,,,,,,,,,,,,,,,,,,,,,,,,,,,,,,,,91.4,63.4,-28,1
1/25/22 20:48,1/25/22 20:59,100,658,R_31tka7UwKs3uXiu,1,2,21,male,m,3,yes,yes once,,,,,,,,,,,,,,,,,,,,,,,,,,,,,,,,,,,,,,,,,,,,,,,,,,,,,,,,,,,,,,,,,,,,,,,,,,,,,,,,,,,,58,,,,70,,,,55,,,,,,48,,,,,,54,,,,,,,,,,,,72,,,,,,,,,45,,,,,,,,,,,,,,,,,,42,,,,,,,,,,64,,,,,,,57,,,,,,,,,,,,56,57,1,1
1/25/22 20:56,1/25/22 21:04,100,484,R_33qyivyMaSUR3tS,1,2,32,Male,m,6,yes,no,,,,60,,,,,85,,,,,65,,80,,,,,,100,,,,,,70,,,,,,,,,,100,,,,,,,,,,,,,,,,,,,75,,,,,,100,,,,,,,,,,,,,100,,,,,,,,,,,,,,,,,,,,,,,,,,,,,,,,,,,,,,,,,,,,,,,,,,,,,,,,,,,,,,,,,,,,,,,,,,,,,,,,,,,,,,,,,,,,,,,,89,78,-11,1
1/25/22 20:56,1/25/22 21:07,100,650,R_3Ok370GwBGhey0I,1,2,47,Male,m,6,yes,yes once,,,,,62,74,,,,,,62,,,,,,,92,,74,,,,,,,,,100,,,,,,,,,,,84,,,,,,,,,,,,100,,,,,,,,100,,,,,,,,,,92,,,,,,,,,,,,,,,,,,,,,,,,,,,,,,,,,,,,,,,,,,,,,,,,,,,,,,,,,,,,,,,,,,,,,,,,,,,,,,,,,,,,,,,,,,,,,,,,,,,,,95.2,72.8,-22.4,1
1/25/22 21:05,1/25/22 21:08,100,190,R_1MYTWVFvkrgdNep,1,2,32,Female,f,6,yes,yes regularly,50,,,,,100,,,,,,50,,,,,,50,,,,,,,70,,,,,,,,20,,,,,,100,,,,,,,,,,,,,50,,,,,,,,,,,,,50,,,,,100,,,,,,,,,,,,,,,,,,,,,,,,,,,,,,,,,,,,,,,,,,,,,,,,,,,,,,,,,,,,,,,,,,,,,,,,,,,,,,,,,,,,,,,,,,,,,,,,,,,,,,64,64,0,1
1/25/22 21:10,1/25/22 21:12,100,110,R_2zqczWFY8VtVIYr,1,1,,,,,,,,,,,,,,,,,,,,,,,,,,,,,,,,,,,,,,,,,,,,,,,,,,,,,,,,,,,,,,,,,,,,,,,,,,,,,,,,,,,,,,,,,,,,,,,,,,,,,,,,,,,,,,,,,,,,,,,,,,,,,,,,,,,,,,,,,,,,,,,,,,,,,,,,,,,,,,,,,,,,,,,,,,,,,,,,,,,,,
1/25/22 21:07,1/25/22 21:16,100,526,R_1QErG6brba5BD6A,1,2,53,male,m,4,yes,yes once,,,75,,,,55,,,,,,85,,,,,,85,,,85,,,,,,,,,,,,50,,,,,,,,50,,,,,,95,,,,,,,,,,,,60,,,,,,,,,,,,,,,,,,45,,,,,,,,,,,,,,,,,,,,,,,,,,,,,,,,,,,,,,,,,,,,,,,,,,,,,,,,,,,,,,,,,,,,,,,,,,,,,,,,,,,,,,,,,,,,,,60,77,17,1
1/25/22 21:12,1/25/22 21:18,100,361,R_2TXjzFfXeFdwXaz,1,2,40,male,m,4,yes,yes once,,69,,,,,,,,89,,,,80,,90,,,,,,,96,,,,,,,,,100,,,,,,,,,,,,,100,,,,,,61,,,,,,,,,,,,,,,,100,,,,,,,,,,100,,,,,,,,,,,,,,,,,,,,,,,,,,,,,,,,,,,,,,,,,,,,,,,,,,,,,,,,,,,,,,,,,,,,,,,,,,,,,,,,,,,,,,,,,,,,,,,92.2,84.8,-7.4,1
1/25/22 21:19,1/25/22 21:20,100,47,R_AjteQsEn3hHZiCd,1,1,,,,,,,,,,,,,,,,,,,,,,,,,,,,,,,,,,,,,,,,,,,,,,,,,,,,,,,,,,,,,,,,,,,,,,,,,,,,,,,,,,,,,,,,,,,,,,,,,,,,,,,,,,,,,,,,,,,,,,,,,,,,,,,,,,,,,,,,,,,,,,,,,,,,,,,,,,,,,,,,,,,,,,,,,,,,,,,,,,,,,
1/25/22 21:20,1/25/22 21:29,100,508,R_7aJLWirZuO8aFsl,1,2,31,female,f,4,yes,no,,,,43,,,,,83,,72,,,,,,,,,81,,,,83,,50,,,,,,,,,,,,,,,,,,35,,,52,,,,,,,,,,,,,,,,,22,,,,21,,,,,,,,,,,,,,,,,,,,,,,,,,,,,,,,,,,,,,,,,,,,,,,,,,,,,,,,,,,,,,,,,,,,,,,,,,,,,,,,,,,,,,,,,,,,,,,,,,,,,,,,36,72.4,36.4,1
1/25/22 21:20,1/25/22 21:31,100,643,R_3nMgnI7J1rx36UX,1,2,60,male,m,5,yes,no,,,,,53,,,85,,,,,,,79,,43,,,,41,,,,,,,,72,,,,,,,,,,,56,,,,,,,,,,,,,,,,55,,,,,,73,,,,,,,,,,81,,,,,,,,,,,,,,,,,,,,,,,,,,,,,,,,,,,,,,,,,,,,,,,,,,,,,,,,,,,,,,,,,,,,,,,,,,,,,,,,,,,,,,,,,,,,,,,,,,,,67.4,60.2,-7.2,1
1/25/22 21:34,1/25/22 21:34,100,18,R_3KV0dMjVapbhsl0,1,1,,,,,,,,,,,,,,,,,,,,,,,,,,,,,,,,,,,,,,,,,,,,,,,,,,,,,,,,,,,,,,,,,,,,,,,,,,,,,,,,,,,,,,,,,,,,,,,,,,,,,,,,,,,,,,,,,,,,,,,,,,,,,,,,,,,,,,,,,,,,,,,,,,,,,,,,,,,,,,,,,,,,,,,,,,,,,,,,,,,,,
1/25/22 21:32,1/25/22 21:36,100,257,R_cJj4JCci41PQPKh,1,2,27,Male,m,4,yes,no,,,56,,,,,,,55,,,,,74,,,52,,,,,,51,,,,,,,,,,,,10,,22,,,,,,,,,,,45,,,,,,,,,,21,,,,,,,,,,,,,,64,,,,,,,,,,,,,,,,,,,,,,,,,,,,,,,,,,,,,,,,,,,,,,,,,,,,,,,,,,,,,,,,,,,,,,,,,,,,,,,,,,,,,,,,,,,,,,,,,,,32.4,57.6,25.2,1
1/25/22 21:34,1/25/22 21:37,100,178,R_240NuQNoXPJgrE4,1,2,50,Male,m,4,yes,no,,,,54,,62,,,,,,50,,,,,,,55,,,65,,,,,,,,,,,,,41,,,,,,,,,31,,,,,,,,,,,67,,,,,,,,,30,,,,,,,59,,,,,,,,,,,,,,,,,,,,,,,,,,,,,,,,,,,,,,,,,,,,,,,,,,,,,,,,,,,,,,,,,,,,,,,,,,,,,,,,,,,,,,,,,,,,,,,,,,,,,45.6,57.2,11.6,1
1/25/22 21:47,1/25/22 21:54,100,419,R_2qx6975Uvk1jS85,1,2,34,Male,m,6,yes,yes once,50,,,,,,50,,,,,,,45,,,,,,50,,,,,55,,,75,,,,,,,,,,,,,,,,,71,,,,,,,,,,,,75,,,,70,,,,,,,,,,,,,60,,,,,,,,,,,,,,,,,,,,,,,,,,,,,,,,,,,,,,,,,,,,,,,,,,,,,,,,,,,,,,,,,,,,,,,,,,,,,,,,,,,,,,,,,,,,,,,,,,70.2,50,-20.2,1
1/25/22 22:19,1/25/22 22:26,100,433,R_cLVdsKOXGRozhTj,1,2,24,female,f,6,yes,no,,,,40,,,,,50,,,,60,,,,,,50,,50,,,,,,,,,,50,,,,,,,,,50,,,,,,,,,,,,,,,61,,,,,,,,,,70,,,,60,,,,,,,,,,,,,,,,,,,,,,,,,,,,,,,,,,,,,,,,,,,,,,,,,,,,,,,,,,,,,,,,,,,,,,,,,,,,,,,,,,,,,,,,,,,,,,,,,,,,,,,58.2,50,-8.2,1
1/25/22 22:26,1/25/22 22:31,100,277,R_38yFAQd6AheMGeB,1,2,19,Male,m,6,yes,no,,,,,90,90,,,,,,,,,80,,90,,,,,90,,,,,90,,,,,,,,,,,,,,,,90,,,,,90,,,,,,,,,,,,90,,,,,,,,,,,,,,,,,90,,,,,,,,,,,,,,,,,,,,,,,,,,,,,,,,,,,,,,,,,,,,,,,,,,,,,,,,,,,,,,,,,,,,,,,,,,,,,,,,,,,,,,,,,,,,,,,90,88,-2,1
1/25/22 22:32,1/25/22 22:33,100,58,R_DSLmZoin7ENc1Db,1,1,,,,,,,,,,,,,,,,,,,,,,,,,,,,,,,,,,,,,,,,,,,,,,,,,,,,,,,,,,,,,,,,,,,,,,,,,,,,,,,,,,,,,,,,,,,,,,,,,,,,,,,,,,,,,,,,,,,,,,,,,,,,,,,,,,,,,,,,,,,,,,,,,,,,,,,,,,,,,,,,,,,,,,,,,,,,,,,,,,,,,
1/25/22 22:22,1/25/22 22:33,100,663,R_2dJW6O61JeSceab,1,2,44,Male,m,5,yes,yes once,,,82,,,,,62,,,,60,,,,71,,,,,,,,,62,,,50,,,,,,,,,,,,,,,,,,70,,,,,,72,,,,,,,,,,40,,,,,,,,,,,100,,,,,,,,,,,,,,,,,,,,,,,,,,,,,,,,,,,,,,,,,,,,,,,,,,,,,,,,,,,,,,,,,,,,,,,,,,,,,,,,,,,,,,,,,,,,,,,,,,,66.4,67.4,1,1
1/25/22 22:27,1/25/22 22:34,100,387,R_3P5G6SGog3Govdp,1,2,43,male,m,4,yes,yes once,50,,,,,,50,,,,,,,52,,,,,,51,,,51,,,,,,,,,71,,,,,91,,,,,,,,,,,,,,,,50,,,,,,,,,,,,,,50,,51,,,,,,,,,,,,,,,,,,,,,,,,,,,,,,,,,,,,,,,,,,,,,,,,,,,,,,,,,,,,,,,,,,,,,,,,,,,,,,,,,,,,,,,,,,,,,,,,,,,,,,,62.6,50.8,-11.8,1
1/25/22 22:33,1/25/22 22:42,100,521,R_27r6N10bqyBltk3,1,2,59,female,f,5,yes,yes regularly,,72,,,,,,,62,,,,74,,,,,69,,,81,,,,,,,,52,,,,,,,,,,81,,,,,,,,,,,73,,,,,,,,,,,,,84,,,,,,,89,,,,,,,,,,,,,,,,,,,,,,,,,,,,,,,,,,,,,,,,,,,,,,,,,,,,,,,,,,,,,,,,,,,,,,,,,,,,,,,,,,,,,,,,,,,,,,,,,,,,,,75.8,71.6,-4.2,1
1/25/22 22:32,1/25/22 22:44,100,741,R_2rGDiImVqXtBf95,1,2,41,male,m,4,yes,yes once,,,81,,,,,,,81,73,,,,,,,,,73,,,,73,,88,,,,,,,,,,,,,,,85,,,,,,,,,,,,,,,81,,,,,,,,,,81,,,,,,,,,,81,,,,,,,,,,,,,,,,,,,,,,,,,,,,,,,,,,,,,,,,,,,,,,,,,,,,,,,,,,,,,,,,,,,,,,,,,,,,,,,,,,,,,,,,,,,,,,,,83.2,76.2,-7,1
1/25/22 23:05,1/25/22 23:12,100,433,R_3JfoMpZ6sdl8r3F,1,2,53,female,f,4,no,no,,,,91,,,,,,75,,,,,99,92,,,,,,,,,63,,,,,,,,,39,,,,,,,,,,5,,,37,,,,,,,,,,,,,,,,30,,,,,,,,,,,,47,,,,,,,,,,,,,,,,,,,,,,,,,,,,,,,,,,,,,,,,,,,,,,,,,,,,,,,,,,,,,,,,,,,,,,,,,,,,,,,,,,,,,,,,,,,,,,,,,31.6,84,52.4,1
1/25/22 23:14,1/25/22 23:16,100,91,R_2SoWSjCjE82iy7q,1,1,,,,,,,,,,,,,,,,,,,,,,,,,,,,,,,,,,,,,,,,,,,,,,,,,,,,,,,,,,,,,,,,,,,,,,,,,,,,,,,,,,,,,,,,,,,,,,,,,,,,,,,,,,,,,,,,,,,,,,,,,,,,,,,,,,,,,,,,,,,,,,,,,,,,,,,,,,,,,,,,,,,,,,,,,,,,,,,,,,,,,
1/25/22 23:07,1/25/22 23:19,100,723,R_3qVWQRy91ExzdWi,1,2,33,Female ,f,5,no,no,93,,,,,,49,,,,,89,,,,,85,,,,,91,,,,,,,,39,,,,,,,,,,,,53,,,,,,,,,81,,,,,,,,,,,,,11,,,,,,,,,,,,,,,,,,,,,,,,,,,,,,,,,,,,,,,,,,,,,,,,,,,,,,,,,,,,,,,,,,,,,,,,,,,,,,,,,,,,,,,,,,,,,,,,,,,,,,,,,,,,46,81.4,35.4,1
1/25/22 23:30,1/25/22 23:34,100,215,R_3sv2gbo8e5DFR3g,1,2,19,female ,f,5,yes,no,,,,,94,90,,,,,,,,95,,,,,92,,,,90,,,,,,,,,,,,,50,71,,,,,,,,,,,,,,,,,61,,,,,65,,,,,,,,,,,,,,,70,,,,,,,,,,,,,,,,,,,,,,,,,,,,,,,,,,,,,,,,,,,,,,,,,,,,,,,,,,,,,,,,,,,,,,,,,,,,,,,,,,,,,,,,,,,,,,,,,,63.4,92.2,28.8,1
1/25/22 23:39,1/25/22 23:40,100,61,R_3DeHcYsMrhrrFWQ,1,1,,,,,,,,,,,,,,,,,,,,,,,,,,,,,,,,,,,,,,,,,,,,,,,,,,,,,,,,,,,,,,,,,,,,,,,,,,,,,,,,,,,,,,,,,,,,,,,,,,,,,,,,,,,,,,,,,,,,,,,,,,,,,,,,,,,,,,,,,,,,,,,,,,,,,,,,,,,,,,,,,,,,,,,,,,,,,,,,,,,,,
1/25/22 23:30,1/25/22 23:47,100,1015,R_12lK2cPJnnAoB6y,1,2,68,female,f,6,yes,no,,100,,,,,,100,,,100,,,,,,,100,,,,,,100,,,,,,,100,,,,,,,,100,,,,,,,,,,100,,,,,,,,,,,,,,,,100,,,,,,100,,,,,,,,,,,,,,,,,,,,,,,,,,,,,,,,,,,,,,,,,,,,,,,,,,,,,,,,,,,,,,,,,,,,,,,,,,,,,,,,,,,,,,,,,,,,,,,,,,,,,100,100,0,1
1/25/22 23:53,1/25/22 23:59,100,351,R_3HpkDDznQpHw3yS,1,2,59,female,f,5,no,no,,,,,51,,,57,,,,72,,,,,,,,60,,,,46,,,,,,,,,50,,,,,,,,,,,,,100,,65,,,,,,,,,,,,,100,,,,,,,,,,,100,,,,,,,,,,,,,,,,,,,,,,,,,,,,,,,,,,,,,,,,,,,,,,,,,,,,,,,,,,,,,,,,,,,,,,,,,,,,,,,,,,,,,,,,,,,,,,,,,,,,83,57.2,-25.8,1
1/25/22 23:52,1/26/22 0:00,100,468,R_2f9ibFtLnEPXVfd,1,2,46,Female,f,4,yes,no,,32,,,,,,,81,,,,82,,,,,71,,,62,,,,,,,,,,,,,,32,,,,,,,,41,,,,,,,30,,,,,,,,,,,,22,,,,,,62,,,,,,,,,,,,,,,,,,,,,,,,,,,,,,,,,,,,,,,,,,,,,,,,,,,,,,,,,,,,,,,,,,,,,,,,,,,,,,,,,,,,,,,,,,,,,,,,,,,,,,,,37.4,65.6,28.2,1
1/26/22 0:10,1/26/22 0:14,100,286,R_3qDoNY9a2Xf4ydW,1,2,49,female,f,5,yes,yes once,,,49,,,,20,,,,,,,44,,93,,,,,,99,,,,,,,,,100,,,,,,,,,,,,,,51,,,,,,,90,,,,,,79,,,,,,,,,,,,,,,,,,,70,,,,,,,,,,,,,,,,,,,,,,,,,,,,,,,,,,,,,,,,,,,,,,,,,,,,,,,,,,,,,,,,,,,,,,,,,,,,,,,,,,,,,,,,,,,,,,,78,61,-17,1
1/26/22 1:07,1/26/22 1:07,100,34,R_6W2lH62TCcdKZaN,1,1,,,,,,,,,,,,,,,,,,,,,,,,,,,,,,,,,,,,,,,,,,,,,,,,,,,,,,,,,,,,,,,,,,,,,,,,,,,,,,,,,,,,,,,,,,,,,,,,,,,,,,,,,,,,,,,,,,,,,,,,,,,,,,,,,,,,,,,,,,,,,,,,,,,,,,,,,,,,,,,,,,,,,,,,,,,,,,,,,,,,,
1/26/22 1:27,1/26/22 1:28,100,35,R_3KGzqU7y8PRN8ZT,1,5,,,,,,,,,,,,,,,,,,,,,,,,,,,,,,,,,,,,,,,,,,,,,,,,,,,,,,,,,,,,,,,,,,,,,,,,,,,,,,,,,,,,,,,,,,,,,,,,,,,,,,,,,,,,,,,,,,,,,,,,,,,,,,,,,,,,,,,,,,,,,,,,,,,,,,,,,,,,,,,,,,,,,,,,,,,,,,,,,,,,,
1/26/22 1:28,1/26/22 1:33,100,289,R_sNksLuqKqPCfcOt,1,2,30,Male,m,5,no,no,75,,,,,,,,75,,,,33,,,,,,75,,,,,,66,,,,,,,66,,,,,,,,75,,,,,,,,,,,66,,,,,,,,,,,,,,,66,,,,,,,,,75,,,,,,,,,,,,,,,,,,,,,,,,,,,,,,,,,,,,,,,,,,,,,,,,,,,,,,,,,,,,,,,,,,,,,,,,,,,,,,,,,,,,,,,,,,,,,,,,,69.6,64.8,-4.8,1
1/26/22 1:46,1/26/22 1:52,100,336,R_27VBFi3TRqFDZBu,1,2,66,Female,f,5,no,no,,,,81,,92,,,,,,,,,81,,83,,,,,,81,,,,,,,,,,,92,,,,92,,,,,,,,,,,,,,,,,,,91,,,,,,,,,,83,,,,,,91,,,,,,,,,,,,,,,,,,,,,,,,,,,,,,,,,,,,,,,,,,,,,,,,,,,,,,,,,,,,,,,,,,,,,,,,,,,,,,,,,,,,,,,,,,,,,,,,,,,89.8,83.6,-6.2,1
1/26/22 2:03,1/26/22 2:07,100,289,R_2XnefyF0c4cKFdt,1,2,30,female,f,5,yes,no,54,,,,,,,,,62,48,,,,,53,,,,,61,,,,,,,,,72,,,,,,,,,,,81,,,,,,,,71,,,,,,,,,,,77,,,,,,,,,69,,,,,,,,,,,,,,,,,,,,,,,,,,,,,,,,,,,,,,,,,,,,,,,,,,,,,,,,,,,,,,,,,,,,,,,,,,,,,,,,,,,,,,,,,,,,,,,,,,,,,,,74,55.6,-18.4,1
1/26/22 2:39,1/26/22 2:45,100,346,R_OkijVnGBB2Q6w9P,1,2,44,Female,f,6,yes,yes once,,,80,,,,,,77,,,,86,,,,83,,,,,81,,,,,,,67,,,,,,,,,,,,,,67,,,,,,,,,,,,71,,,,,,,,,,57,,,66,,,,,,,,,,,,,,,,,,,,,,,,,,,,,,,,,,,,,,,,,,,,,,,,,,,,,,,,,,,,,,,,,,,,,,,,,,,,,,,,,,,,,,,,,,,,,,,,,,,,,,,,65.6,81.4,15.8,1
1/26/22 2:42,1/26/22 2:48,100,347,R_NWnyC0Zw6K3kN9L,1,2,32,Male,m,6,yes,no,,49,,,,65,,,,,,,,,59,,,43,,,,,,,60,,,57,,,,,,,,,,,,76,,,,,,,,,,,,,,64,,,,,,,,,,,,,70,,,,,,,23,,,,,,,,,,,,,,,,,,,,,,,,,,,,,,,,,,,,,,,,,,,,,,,,,,,,,,,,,,,,,,,,,,,,,,,,,,,,,,,,,,,,,,,,,,,,,,,,,,58,55.2,-2.8,1
1/26/22 2:38,1/26/22 2:49,100,674,R_T64AXqHBGhtKrEl,1,2,76,Male,m,6,yes,yes once,,,,,85,,,,,88,57,,,,,,,,70,,,,81,,,,79,,,,,,,,,,,,,,,,,3,,,,,,,,,,,,80,,,58,,,,,,,,,,,78,,,,,,,,,,,,,,,,,,,,,,,,,,,,,,,,,,,,,,,,,,,,,,,,,,,,,,,,,,,,,,,,,,,,,,,,,,,,,,,,,,,,,,,,,,,,,,,,,,,,,,59.6,76.2,16.6,1
1/26/22 2:48,1/26/22 2:53,100,294,R_3JC1d1AD6jyPtgP,1,2,50,,,6,yes,yes regularly,,,,60,,,,60,,,,,,60,,,,,,50,50,,,,,,,,,,,,,,,81,,,,,,,,,100,,83,,,,,,,,,,,100,,,,,,,,,,,,,,81,,,,,,,,,,,,,,,,,,,,,,,,,,,,,,,,,,,,,,,,,,,,,,,,,,,,,,,,,,,,,,,,,,,,,,,,,,,,,,,,,,,,,,,,,,,,,,,,,,,,89,56,-33,1
1/26/22 3:04,1/26/22 3:12,100,476,R_3Oza4xMgQXkqSTT,1,2,56,female,f,6,no,no,,,,65,,,45,,,,,75,,,,,,,80,,,,,75,,100,,,,,,,,,,,,96,,,,,,,,,,,,,,,100,,,,,,,39,,,,,,,,,,,,,,,,,,100,,,,,,,,,,,,,,,,,,,,,,,,,,,,,,,,,,,,,,,,,,,,,,,,,,,,,,,,,,,,,,,,,,,,,,,,,,,,,,,,,,,,,,,,,,,,,,87,68,-19,1
1/26/22 3:08,1/26/22 3:18,100,599,R_1mhkZNObfrBLv5I,1,2,69,Male,m,6,no,no,,,70,,,,,,80,,,,50,,,,75,,,,70,,,,,,,,,,,,,,70,,80,,,,,,,,,,,,,,,70,,,,,,,,,,,,,,80,,,,,,,,,,20,,,,,,,,,,,,,,,,,,,,,,,,,,,,,,,,,,,,,,,,,,,,,,,,,,,,,,,,,,,,,,,,,,,,,,,,,,,,,,,,,,,,,,,,,,,,,,,,64,69,5,1
1/26/22 3:13,1/26/22 3:19,100,365,R_w5iH5YFUGGBqgyR,1,2,54,male,m,6,yes,yes regularly,,,,,81,,39,,,,,40,,,,,,30,,,,,,24,,,,,,,,,,,82,,,,87,,,,,,,,41,,,,,,,,,,,,,,93,,,,,,,,,,91,,,,,,,,,,,,,,,,,,,,,,,,,,,,,,,,,,,,,,,,,,,,,,,,,,,,,,,,,,,,,,,,,,,,,,,,,,,,,,,,,,,,,,,,,,,,,,,,,,,,,78.8,42.8,-36,1
1/26/22 3:20,1/26/22 3:20,100,22,R_CkU2IRIcWrrbUxr,1,1,,,,,,,,,,,,,,,,,,,,,,,,,,,,,,,,,,,,,,,,,,,,,,,,,,,,,,,,,,,,,,,,,,,,,,,,,,,,,,,,,,,,,,,,,,,,,,,,,,,,,,,,,,,,,,,,,,,,,,,,,,,,,,,,,,,,,,,,,,,,,,,,,,,,,,,,,,,,,,,,,,,,,,,,,,,,,,,,,,,,,
1/26/22 3:14,1/26/22 3:21,100,436,R_Rm2WMHS3eXU77qx,1,2,60,female,f,4,yes,yes once,91,,,,,,,,,81,,,,91,,,,,,91,,,,,81,,,,,,,,50,,,,,,,,50,,,,,,,,,91,,,,,,,,,,,,,,20,,,,,,,,8,,,,,,,,,,,,,,,,,,,,,,,,,,,,,,,,,,,,,,,,,,,,,,,,,,,,,,,,,,,,,,,,,,,,,,,,,,,,,,,,,,,,,,,,,,,,,,,,,,,,43.8,87,43.2,1
1/26/22 3:17,1/26/22 3:22,100,283,R_TqioYtriI72uX4Z,1,2,69,male,m,5,yes,no,,,,,73,,,77,,,,,,,71,,,,71,,,77,,,,,,,,,,,,,,62,,,,,,66,,,,,,,,,,,58,,,,,,,,,,72,,,,,,,,,,,48,,,,,,,,,,,,,,,,,,,,,,,,,,,,,,,,,,,,,,,,,,,,,,,,,,,,,,,,,,,,,,,,,,,,,,,,,,,,,,,,,,,,,,,,,,,,,,,,,,61.2,73.8,12.6,1
1/26/22 3:20,1/26/22 3:25,100,284,R_1jf6SNcZyd83j2m,1,2,55,male,m,5,yes,no,,63,,,,,,,,72,,,,,72,,,,,50,,,51,,,52,,,,,,,,,,,,,,,,,71,,,,,,70,,,,,,,,,,,65,,,,,,,,,,,,,,,,,51,,,,,,,,,,,,,,,,,,,,,,,,,,,,,,,,,,,,,,,,,,,,,,,,,,,,,,,,,,,,,,,,,,,,,,,,,,,,,,,,,,,,,,,,,,,,,,,61.8,61.6,-0.2,1
1/26/22 3:08,1/26/22 3:29,100,1286,R_333UEl3s8yTSAbu,1,2,54,male,m,5,yes,yes regularly,,60,,,,60,,,,,70,,,,,60,,,,,,,60,,,,,,,,,50,,,,,,,,,,,,,,66,,,,,,,,,,,70,,,,,71,,,,,,,,,55,,,,,,,,,,,,,,,,,,,,,,,,,,,,,,,,,,,,,,,,,,,,,,,,,,,,,,,,,,,,,,,,,,,,,,,,,,,,,,,,,,,,,,,,,,,,,,,,,,,,,62.4,62,-0.4,1
1/25/22 21:32,1/25/22 21:36,95,269,R_3LifFftZJd2bobV,1,2,55,female,f,6,yes,no,,100,,,,,,50,,,0,,,,,,50,,,,,,100,,,,100,,,,,,,,,,,,,,,100,,,,,,,,100,,,,,,,,100,,,,,,,,,,,,,,,,,,100,,,,,,,,,,,,,,,,,,,,,,,,,,,,,,,,,,,,,,,,,,,,,,,,,,,,,,,,,,,,,,,,,,,,,,,,,,,,,,,,,,,,,,,,,,,,,,,,100,60,-40,